f	power	dB
0.000000	0.000001	-62.934655
0.100000	0.000001	-62.934457
0.200000	0.000001	-62.933863
0.300000	0.000001	-62.932873
0.400000	0.000001	-62.931486
0.500000	0.000001	-62.929703
0.600000	0.000001	-62.927524
0.700000	0.000001	-62.924948
0.800000	0.000001	-62.921975
0.900000	0.000001	-62.918606
1.000000	0.000001	-62.914839
1.100000	0.000001	-62.910674
1.200000	0.000001	-62.906112
1.300000	0.000001	-62.901152
1.400000	0.000001	-62.895793
1.500000	0.000001	-62.890036
1.600000	0.000001	-62.883879
1.700000	0.000001	-62.877323
1.800000	0.000001	-62.870366
1.900000	0.000001	-62.863009
2.000000	0.000001	-62.855251
2.100000	0.000001	-62.847091
2.200000	0.000001	-62.838529
2.300000	0.000001	-62.829565
2.400000	0.000001	-62.820196
2.500000	0.000001	-62.810424
2.600000	0.000001	-62.800247
2.700000	0.000001	-62.789664
2.800000	0.000001	-62.778676
2.900000	0.000001	-62.767280
3.000000	0.000001	-62.755476
3.100000	0.000001	-62.743263
3.200000	0.000001	-62.730641
3.300000	0.000001	-62.717609
3.400000	0.000001	-62.704165
3.500000	0.000001	-62.690309
3.600000	0.000001	-62.676039
3.700000	0.000001	-62.661356
3.800000	0.000001	-62.646256
3.900000	0.000001	-62.630740
4.000000	0.000001	-62.614807
4.100000	0.000001	-62.598455
4.200000	0.000001	-62.581683
4.300000	0.000001	-62.564489
4.400000	0.000001	-62.546873
4.500000	0.000001	-62.528834
4.600000	0.000001	-62.510369
4.700000	0.000001	-62.491478
4.800000	0.000001	-62.472160
4.900000	0.000001	-62.452411
5.000000	0.000001	-62.432233
5.100000	0.000001	-62.411622
5.200000	0.000001	-62.390577
5.300000	0.000001	-62.369097
5.400000	0.000001	-62.347180
5.500000	0.000001	-62.324825
5.600000	0.000001	-62.302029
5.700000	0.000001	-62.278792
5.800000	0.000001	-62.255110
5.900000	0.000001	-62.230983
6.000000	0.000001	-62.206409
6.100000	0.000001	-62.181386
6.200000	0.000001	-62.155911
6.300000	0.000001	-62.129983
6.400000	0.000001	-62.103600
6.500000	0.000001	-62.076760
6.600000	0.000001	-62.049461
6.700000	0.000001	-62.021700
6.800000	0.000001	-61.993475
6.900000	0.000001	-61.964785
7.000000	0.000001	-61.935626
7.100000	0.000001	-61.905997
7.200000	0.000001	-61.875896
7.300000	0.000001	-61.845319
7.400000	0.000001	-61.814264
7.500000	0.000001	-61.782729
7.600000	0.000001	-61.750711
7.700000	0.000001	-61.718208
7.800000	0.000001	-61.685217
7.900000	0.000001	-61.651736
8.000000	0.000001	-61.617760
8.100000	0.000001	-61.583289
8.200000	0.000001	-61.548318
8.300000	0.000001	-61.512845
8.400000	0.000001	-61.476866
8.500000	0.000001	-61.440380
8.600000	0.000001	-61.403382
8.700000	0.000001	-61.365870
8.800000	0.000001	-61.327840
8.900000	0.000001	-61.289289
9.000000	0.000001	-61.250213
9.100000	0.000001	-61.210610
9.200000	0.000001	-61.170476
9.300000	0.000001	-61.129806
9.400000	0.000001	-61.088599
9.500000	0.000001	-61.046849
9.600000	0.000001	-61.004553
9.700000	0.000001	-60.961708
9.800000	0.000001	-60.918308
9.900000	0.000001	-60.874352
10.000000	0.000001	-60.829833
10.100000	0.000001	-60.784749
10.200000	0.000001	-60.739095
10.300000	0.000001	-60.692867
10.400000	0.000001	-60.646060
10.500000	0.000001	-60.598670
10.600000	0.000001	-60.550692
10.700000	0.000001	-60.502122
10.800000	0.000001	-60.452955
10.900000	0.000001	-60.403187
11.000000	0.000001	-60.352811
11.100000	0.000001	-60.301824
11.200000	0.000001	-60.250221
11.300000	0.000001	-60.197995
11.400000	0.000001	-60.145142
11.500000	0.000001	-60.091657
11.600000	0.000001	-60.037533
11.700000	0.000001	-59.982766
11.800000	0.000001	-59.927349
11.900000	0.000001	-59.871277
12.000000	0.000001	-59.814544
12.100000	0.000001	-59.757144
12.200000	0.000001	-59.699070
12.300000	0.000001	-59.640317
12.400000	0.000001	-59.580877
12.500000	0.000001	-59.520745
12.600000	0.000001	-59.459913
12.700000	0.000001	-59.398375
12.800000	0.000001	-59.336124
12.900000	0.000001	-59.273153
13.000000	0.000001	-59.209454
13.100000	0.000001	-59.145021
13.200000	0.000001	-59.079845
13.300000	0.000001	-59.013919
13.400000	0.000001	-58.947234
13.500000	0.000001	-58.879784
13.600000	0.000001	-58.811560
13.700000	0.000001	-58.742553
13.800000	0.000001	-58.672755
13.900000	0.000001	-58.602157
14.000000	0.000001	-58.530750
14.100000	0.000001	-58.458525
14.200000	0.000001	-58.385474
14.300000	0.000001	-58.311585
14.400000	0.000002	-58.236850
14.500000	0.000002	-58.161259
14.600000	0.000002	-58.084801
14.700000	0.000002	-58.007467
14.800000	0.000002	-57.929245
14.900000	0.000002	-57.850125
15.000000	0.000002	-57.770095
15.100000	0.000002	-57.689145
15.200000	0.000002	-57.607262
15.300000	0.000002	-57.524435
15.400000	0.000002	-57.440652
15.500000	0.000002	-57.355900
15.600000	0.000002	-57.270166
15.700000	0.000002	-57.183438
15.800000	0.000002	-57.095702
15.900000	0.000002	-57.006945
16.000000	0.000002	-56.917152
16.100000	0.000002	-56.826309
16.200000	0.000002	-56.734402
16.300000	0.000002	-56.641415
16.400000	0.000002	-56.547333
16.500000	0.000002	-56.452140
16.600000	0.000002	-56.355821
16.700000	0.000002	-56.258357
16.800000	0.000002	-56.159733
16.900000	0.000002	-56.059931
17.000000	0.000003	-55.958933
17.100000	0.000003	-55.856720
17.200000	0.000003	-55.753274
17.300000	0.000003	-55.648574
17.400000	0.000003	-55.542602
17.500000	0.000003	-55.435337
17.600000	0.000003	-55.326757
17.700000	0.000003	-55.216841
17.800000	0.000003	-55.105566
17.900000	0.000003	-54.992911
18.000000	0.000003	-54.878850
18.100000	0.000003	-54.763361
18.200000	0.000003	-54.646418
18.300000	0.000004	-54.527995
18.400000	0.000004	-54.408066
18.500000	0.000004	-54.286604
18.600000	0.000004	-54.163581
18.700000	0.000004	-54.038967
18.800000	0.000004	-53.912734
18.900000	0.000004	-53.784849
19.000000	0.000004	-53.655283
19.100000	0.000004	-53.524001
19.200000	0.000005	-53.390970
19.300000	0.000005	-53.256155
19.400000	0.000005	-53.119521
19.500000	0.000005	-52.981029
19.600000	0.000005	-52.840642
19.700000	0.000005	-52.698319
19.800000	0.000006	-52.554019
19.900000	0.000006	-52.407701
20.000000	0.000006	-52.259318
20.100000	0.000006	-52.108826
20.200000	0.000006	-51.956177
20.300000	0.000007	-51.801323
20.400000	0.000007	-51.644211
20.500000	0.000007	-51.484789
20.600000	0.000007	-51.323002
20.700000	0.000008	-51.158793
20.800000	0.000008	-50.992101
20.900000	0.000008	-50.822867
21.000000	0.000009	-50.651024
21.100000	0.000009	-50.476507
21.200000	0.000009	-50.299244
21.300000	0.000010	-50.119164
21.400000	0.000010	-49.936191
21.500000	0.000011	-49.750244
21.600000	0.000011	-49.561242
21.700000	0.000012	-49.369098
21.800000	0.000012	-49.173720
21.900000	0.000013	-48.975015
22.000000	0.000013	-48.772882
22.100000	0.000014	-48.567217
22.200000	0.000015	-48.357912
22.300000	0.000015	-48.144851
22.400000	0.000016	-47.927912
22.500000	0.000017	-47.706970
22.600000	0.000018	-47.481889
22.700000	0.000019	-47.252529
22.800000	0.000020	-47.018741
22.900000	0.000021	-46.780366
23.000000	0.000022	-46.537237
23.100000	0.000024	-46.289179
23.200000	0.000025	-46.036004
23.300000	0.000026	-45.777512
23.400000	0.000028	-45.513492
23.500000	0.000030	-45.243718
23.600000	0.000032	-44.967951
23.700000	0.000034	-44.685932
23.800000	0.000036	-44.397388
23.900000	0.000039	-44.102023
24.000000	0.000042	-43.799521
24.100000	0.000045	-43.489542
24.200000	0.000048	-43.171718
24.300000	0.000052	-42.845653
24.400000	0.000056	-42.510918
24.500000	0.000061	-42.167046
24.600000	0.000066	-41.813531
24.700000	0.000072	-41.449818
24.800000	0.000078	-41.075303
24.900000	0.000085	-40.689320
25.000000	0.000094	-40.291136
25.100000	0.000103	-39.879944
25.200000	0.000113	-39.454844
25.300000	0.000125	-39.014838
25.400000	0.000139	-38.558806
25.500000	0.000155	-38.085491
25.600000	0.000174	-37.593474
25.700000	0.000196	-37.081139
25.800000	0.000221	-36.546642
25.900000	0.000252	-35.987861
26.000000	0.000288	-35.402334
26.100000	0.000332	-34.787186
26.200000	0.000386	-34.139025
26.300000	0.000451	-33.453811
26.400000	0.000534	-32.726675
26.500000	0.000638	-31.951674
26.600000	0.000772	-31.121442
26.700000	0.000949	-30.226700
26.800000	0.001187	-29.255511
26.900000	0.001516	-28.192158
27.000000	0.001988	-27.015338
27.100000	0.002695	-25.695144
27.200000	0.003813	-24.187675
27.300000	0.005722	-22.424633
27.400000	0.009352	-20.291028
27.500000	0.017499	-17.569748
27.600000	0.041989	-13.768618
27.700000	0.185835	-7.308736
27.800000	3.206833	5.060763
27.900000	0.140564	-8.521269
28.000000	0.041097	-13.861914
28.100000	0.019782	-17.037405
28.200000	0.011848	-19.263428
28.300000	0.008029	-20.953385
28.400000	0.005892	-22.297260
28.500000	0.004573	-23.398007
28.600000	0.003700	-24.317590
28.700000	0.003093	-25.096109
28.800000	0.002654	-25.760922
28.900000	0.002327	-26.331446
29.000000	0.002079	-26.821877
29.100000	0.001887	-27.242831
29.200000	0.001737	-27.602370
29.300000	0.001619	-27.906675
29.400000	0.001527	-28.160497
29.500000	0.001456	-28.367467
29.600000	0.001403	-28.530306
29.700000	0.001364	-28.650982
29.800000	0.001339	-28.730800
29.900000	0.001327	-28.770471
30.000000	0.001327	-28.770147
30.100000	0.001340	-28.729424
30.200000	0.001365	-28.647325
30.300000	0.001405	-28.522253
30.400000	0.001462	-28.351912
30.500000	0.001537	-28.133187
30.600000	0.001636	-27.861967
30.700000	0.001765	-27.532892
30.800000	0.001932	-27.138988
30.900000	0.002152	-26.671123
31.000000	0.002445	-26.117194
31.100000	0.002844	-25.460860
31.200000	0.003404	-24.679477
31.300000	0.004226	-23.740589
31.400000	0.005501	-22.595513
31.500000	0.007644	-21.166615
31.600000	0.011698	-19.318930
31.700000	0.020964	-16.785307
31.800000	0.051205	-12.906910
31.900000	0.312952	-5.045216
32.000000	0.919391	-0.364996
32.100000	0.063442	-11.976260
32.200000	0.020021	-16.985155
32.300000	0.009386	-20.275404
32.400000	0.005301	-22.756421
32.500000	0.003339	-24.764060
32.600000	0.002259	-26.460037
32.700000	0.001609	-27.934771
32.800000	0.001190	-29.243995
32.900000	0.000907	-30.424519
33.000000	0.000708	-31.501943
33.100000	0.000563	-32.494803
33.200000	0.000455	-33.416957
33.300000	0.000373	-34.279047
33.400000	0.000310	-35.089423
33.500000	0.000260	-35.854764
33.600001	0.000220	-36.580497
33.700001	0.000187	-37.271093
33.800001	0.000161	-37.930285
33.900001	0.000139	-38.561219
34.000001	0.000121	-39.166573
34.100001	0.000106	-39.748649
34.200001	0.000093	-40.309439
34.300001	0.000082	-40.850679
34.400001	0.000073	-41.373891
34.500001	0.000065	-41.880420
34.600001	0.000058	-42.371459
34.700001	0.000052	-42.848071
34.800001	0.000047	-43.311209
34.900001	0.000042	-43.761728
35.000001	0.000038	-44.200403
35.100001	0.000034	-44.627934
35.200001	0.000031	-45.044960
35.300001	0.000028	-45.452063
35.400001	0.000026	-45.849773
35.500001	0.000024	-46.238581
35.600001	0.000022	-46.618935
35.700001	0.000020	-46.991250
35.800001	0.000018	-47.355909
35.900001	0.000017	-47.713267
36.000001	0.000016	-48.063654
36.100001	0.000014	-48.407377
36.200001	0.000013	-48.744721
36.300001	0.000012	-49.075953
36.400001	0.000011	-49.401323
36.500001	0.000011	-49.721066
36.600001	0.000010	-50.035399
36.700001	0.000009	-50.344530
36.800001	0.000009	-50.648653
36.900001	0.000008	-50.947951
37.000001	0.000008	-51.242595
37.100001	0.000007	-51.532749
37.200001	0.000007	-51.818568
37.300001	0.000006	-52.100196
37.400001	0.000006	-52.377773
37.500001	0.000005	-52.651430
37.600001	0.000005	-52.921291
37.700001	0.000005	-53.187474
37.800001	0.000005	-53.450094
37.900001	0.000004	-53.709256
38.000001	0.000004	-53.965064
38.100001	0.000004	-54.217615
38.200001	0.000004	-54.467003
38.300001	0.000003	-54.713316
38.400001	0.000003	-54.956640
38.500001	0.000003	-55.197057
38.600001	0.000003	-55.434644
38.700001	0.000003	-55.669477
38.800001	0.000003	-55.901628
38.900001	0.000002	-56.131164
39.000001	0.000002	-56.358153
39.100001	0.000002	-56.582658
39.200001	0.000002	-56.804741
39.300001	0.000002	-57.024459
39.400001	0.000002	-57.241870
39.500001	0.000002	-57.457027
39.600001	0.000002	-57.669985
39.700001	0.000002	-57.880792
39.800001	0.000002	-58.089499
39.900001	0.000001	-58.296151
40.000001	0.000001	-58.500794
40.100001	0.000001	-58.703473
40.200001	0.000001	-58.904230
40.300001	0.000001	-59.103106
40.400001	0.000001	-59.300139
40.500001	0.000001	-59.495370
40.600001	0.000001	-59.688834
40.700001	0.000001	-59.880567
40.800001	0.000001	-60.070605
40.900001	0.000001	-60.258982
41.000001	0.000001	-60.445729
41.100001	0.000001	-60.630878
41.200001	0.000001	-60.814461
41.300001	0.000001	-60.996507
41.400001	0.000001	-61.177044
41.500001	0.000001	-61.356102
41.600001	0.000001	-61.533707
41.700001	0.000001	-61.709886
41.800001	0.000001	-61.884664
41.900001	0.000001	-62.058066
42.000001	0.000001	-62.230118
42.100001	0.000001	-62.400842
42.200001	0.000001	-62.570261
42.300001	0.000001	-62.738399
42.400001	0.000001	-62.905276
42.500001	0.000000	-63.070914
42.600001	0.000000	-63.235334
42.700001	0.000000	-63.398555
42.800001	0.000000	-63.560598
42.900001	0.000000	-63.721482
43.000001	0.000000	-63.881224
43.100001	0.000000	-64.039844
43.200001	0.000000	-64.197360
43.300001	0.000000	-64.353787
43.400001	0.000000	-64.509144
43.500001	0.000000	-64.663446
43.600001	0.000000	-64.816711
43.700001	0.000000	-64.968952
43.800001	0.000000	-65.120187
43.900001	0.000000	-65.270429
44.000001	0.000000	-65.419694
44.100001	0.000000	-65.567996
44.200001	0.000000	-65.715348
44.300001	0.000000	-65.861765
44.400001	0.000000	-66.007259
44.500001	0.000000	-66.151845
44.600001	0.000000	-66.295533
44.700001	0.000000	-66.438338
44.800001	0.000000	-66.580271
44.900001	0.000000	-66.721344
45.000001	0.000000	-66.861569
45.100001	0.000000	-67.000958
45.200001	0.000000	-67.139521
45.300001	0.000000	-67.277270
45.400001	0.000000	-67.414214
45.500001	0.000000	-67.550366
45.600001	0.000000	-67.685735
45.700001	0.000000	-67.820331
45.800001	0.000000	-67.954165
45.900001	0.000000	-68.087245
46.000001	0.000000	-68.219582
46.100001	0.000000	-68.351184
46.200001	0.000000	-68.482061
46.300001	0.000000	-68.612223
46.400001	0.000000	-68.741676
46.500001	0.000000	-68.870432
46.600001	0.000000	-68.998496
46.700001	0.000000	-69.125879
46.800001	0.000000	-69.252589
46.900001	0.000000	-69.378632
47.000001	0.000000	-69.504018
47.100001	0.000000	-69.628753
47.200001	0.000000	-69.752846
47.300001	0.000000	-69.876303
47.400001	0.000000	-69.999133
47.500001	0.000000	-70.121341
47.600001	0.000000	-70.242937
47.700001	0.000000	-70.363925
47.800001	0.000000	-70.484313
47.900001	0.000000	-70.604108
48.000001	0.000000	-70.723316
48.100001	0.000000	-70.841944
48.200001	0.000000	-70.959998
48.300001	0.000000	-71.077485
48.400001	0.000000	-71.194409
48.500001	0.000000	-71.310778
48.600001	0.000000	-71.426597
48.700001	0.000000	-71.541873
48.800001	0.000000	-71.656610
48.900001	0.000000	-71.770815
49.000001	0.000000	-71.884493
49.100001	0.000000	-71.997649
49.200001	0.000000	-72.110289
49.300001	0.000000	-72.222419
49.400001	0.000000	-72.334042
49.500001	0.000000	-72.445165
49.600001	0.000000	-72.555793
49.700001	0.000000	-72.665930
49.800001	0.000000	-72.775581
49.900001	0.000000	-72.884751
50.000001	0.000000	-72.993445
50.100001	0.000000	-73.101668
50.200001	0.000000	-73.209423
50.300001	0.000000	-73.316716
50.400001	0.000000	-73.423551
50.500001	0.000000	-73.529933
50.600001	0.000000	-73.635865
50.700001	0.000000	-73.741352
50.800001	0.000000	-73.846398
50.900001	0.000000	-73.951007
51.000001	0.000000	-74.055184
51.100001	0.000000	-74.158932
51.200001	0.000000	-74.262255
51.300001	0.000000	-74.365157
51.400001	0.000000	-74.467642
51.500001	0.000000	-74.569714
51.600001	0.000000	-74.671377
51.700001	0.000000	-74.772633
51.800001	0.000000	-74.873488
51.900001	0.000000	-74.973943
52.000001	0.000000	-75.074004
52.100001	0.000000	-75.173672
52.200001	0.000000	-75.272953
52.300001	0.000000	-75.371849
52.400001	0.000000	-75.470363
52.500001	0.000000	-75.568498
52.600001	0.000000	-75.666259
52.700001	0.000000	-75.763648
52.800001	0.000000	-75.860668
52.900001	0.000000	-75.957323
53.000001	0.000000	-76.053615
53.100001	0.000000	-76.149548
53.200001	0.000000	-76.245124
53.300001	0.000000	-76.340347
53.400001	0.000000	-76.435219
53.500001	0.000000	-76.529743
53.600001	0.000000	-76.623923
53.700001	0.000000	-76.717760
53.800001	0.000000	-76.811259
53.900001	0.000000	-76.904420
54.000001	0.000000	-76.997248
54.100001	0.000000	-77.089744
54.200001	0.000000	-77.181912
54.300001	0.000000	-77.273754
54.400001	0.000000	-77.365273
54.500001	0.000000	-77.456470
54.600001	0.000000	-77.547350
54.700001	0.000000	-77.637913
54.800001	0.000000	-77.728163
54.900001	0.000000	-77.818102
55.000001	0.000000	-77.907732
55.100001	0.000000	-77.997056
55.200001	0.000000	-78.086075
55.300001	0.000000	-78.174794
55.400001	0.000000	-78.263212
55.500001	0.000000	-78.351334
55.600001	0.000000	-78.439160
55.700001	0.000000	-78.526694
55.800001	0.000000	-78.613938
55.900001	0.000000	-78.700892
56.000001	0.000000	-78.787561
56.100001	0.000000	-78.873945
56.200001	0.000000	-78.960047
56.300001	0.000000	-79.045869
56.400001	0.000000	-79.131413
56.500001	0.000000	-79.216680
56.600001	0.000000	-79.301674
56.700001	0.000000	-79.386395
56.800001	0.000000	-79.470846
56.900001	0.000000	-79.555029
57.000001	0.000000	-79.638945
57.100001	0.000000	-79.722597
57.200001	0.000000	-79.805985
57.300001	0.000000	-79.889113
57.400001	0.000000	-79.971982
57.500001	0.000000	-80.054594
57.600001	0.000000	-80.136950
57.700001	0.000000	-80.219052
57.800001	0.000000	-80.300902
57.900001	0.000000	-80.382502
58.000001	0.000000	-80.463853
58.100001	0.000000	-80.544957
58.200001	0.000000	-80.625816
58.300001	0.000000	-80.706431
58.400001	0.000000	-80.786804
58.500001	0.000000	-80.866936
58.600001	0.000000	-80.946830
58.700001	0.000000	-81.026486
58.800001	0.000000	-81.105906
58.900001	0.000000	-81.185093
59.000001	0.000000	-81.264046
59.100001	0.000000	-81.342769
59.200001	0.000000	-81.421261
59.300001	0.000000	-81.499526
59.400001	0.000000	-81.577564
59.500001	0.000000	-81.655376
59.600001	0.000000	-81.732964
59.700001	0.000000	-81.810331
59.800001	0.000000	-81.887476
59.900001	0.000000	-81.964401
60.000001	0.000000	-82.041108
60.100001	0.000000	-82.117598
60.200001	0.000000	-82.193873
60.300001	0.000000	-82.269933
60.400001	0.000000	-82.345780
60.500001	0.000000	-82.421416
60.600001	0.000000	-82.496842
60.700001	0.000000	-82.572058
60.800001	0.000000	-82.647067
60.900001	0.000000	-82.721869
61.000001	0.000000	-82.796466
61.100001	0.000000	-82.870859
61.200001	0.000000	-82.945049
61.300001	0.000000	-83.019038
61.400001	0.000000	-83.092826
61.500001	0.000000	-83.166415
61.600001	0.000000	-83.239806
61.700001	0.000000	-83.313001
61.800001	0.000000	-83.385999
61.900001	0.000000	-83.458803
62.000001	0.000000	-83.531414
62.100001	0.000000	-83.603832
62.200001	0.000000	-83.676060
62.300001	0.000000	-83.748097
62.400001	0.000000	-83.819945
62.500001	0.000000	-83.891605
62.600001	0.000000	-83.963079
62.700001	0.000000	-84.034367
62.800001	0.000000	-84.105470
62.900001	0.000000	-84.176390
63.000001	0.000000	-84.247127
63.100001	0.000000	-84.317682
63.200001	0.000000	-84.388057
63.300001	0.000000	-84.458252
63.400001	0.000000	-84.528269
63.500001	0.000000	-84.598108
63.600001	0.000000	-84.667771
63.700001	0.000000	-84.737258
63.800001	0.000000	-84.806571
63.900001	0.000000	-84.875709
64.000001	0.000000	-84.944675
64.100001	0.000000	-85.013470
64.200001	0.000000	-85.082093
64.300001	0.000000	-85.150547
64.400001	0.000000	-85.218831
64.500001	0.000000	-85.286948
64.600001	0.000000	-85.354897
64.700001	0.000000	-85.422680
64.800001	0.000000	-85.490298
64.900001	0.000000	-85.557751
65.000001	0.000000	-85.625040
65.100001	0.000000	-85.692166
65.200001	0.000000	-85.759131
65.300001	0.000000	-85.825934
65.400001	0.000000	-85.892578
65.500001	0.000000	-85.959061
65.600001	0.000000	-86.025387
65.700001	0.000000	-86.091554
65.800001	0.000000	-86.157565
65.900001	0.000000	-86.223419
66.000001	0.000000	-86.289118
66.100001	0.000000	-86.354662
66.200001	0.000000	-86.420053
66.300001	0.000000	-86.485291
66.400001	0.000000	-86.550376
66.500001	0.000000	-86.615310
66.600001	0.000000	-86.680094
66.700001	0.000000	-86.744727
66.800001	0.000000	-86.809211
66.900001	0.000000	-86.873547
67.000001	0.000000	-86.937735
67.100001	0.000000	-87.001777
67.200001	0.000000	-87.065672
67.300001	0.000000	-87.129421
67.400001	0.000000	-87.193026
67.500001	0.000000	-87.256486
67.600001	0.000000	-87.319804
67.700001	0.000000	-87.382978
67.800001	0.000000	-87.446011
67.900001	0.000000	-87.508902
68.000001	0.000000	-87.571653
68.100001	0.000000	-87.634264
68.200001	0.000000	-87.696735
68.300001	0.000000	-87.759068
68.400001	0.000000	-87.821263
68.500001	0.000000	-87.883321
68.600001	0.000000	-87.945242
68.700001	0.000000	-88.007028
68.800001	0.000000	-88.068678
68.900001	0.000000	-88.130193
69.000001	0.000000	-88.191574
69.100001	0.000000	-88.252822
69.200001	0.000000	-88.313937
69.300001	0.000000	-88.374919
69.400001	0.000000	-88.435771
69.500001	0.000000	-88.496491
69.600001	0.000000	-88.557081
69.700001	0.000000	-88.617541
69.800001	0.000000	-88.677872
69.900001	0.000000	-88.738074
70.000001	0.000000	-88.798149
70.100001	0.000000	-88.858096
70.200001	0.000000	-88.917916
70.300001	0.000000	-88.977610
70.400001	0.000000	-89.037179
70.500001	0.000000	-89.096622
70.600001	0.000000	-89.155941
70.700001	0.000000	-89.215136
70.800001	0.000000	-89.274207
70.900001	0.000000	-89.333156
71.000001	0.000000	-89.391982
71.100001	0.000000	-89.450687
71.200001	0.000000	-89.509270
71.300001	0.000000	-89.567732
71.400001	0.000000	-89.626075
71.500001	0.000000	-89.684297
71.600001	0.000000	-89.742401
71.700001	0.000000	-89.800386
71.800001	0.000000	-89.858253
71.900001	0.000000	-89.916002
72.000001	0.000000	-89.973635
72.100001	0.000000	-90.031150
72.200001	0.000000	-90.088550
72.300001	0.000000	-90.145834
72.400001	0.000000	-90.203004
72.500001	0.000000	-90.260058
72.600001	0.000000	-90.316999
72.700001	0.000000	-90.373826
72.800001	0.000000	-90.430539
72.900001	0.000000	-90.487141
73.000001	0.000000	-90.543630
73.100001	0.000000	-90.600007
73.200001	0.000000	-90.656273
73.300001	0.000000	-90.712429
73.400001	0.000000	-90.768474
73.500001	0.000000	-90.824410
73.600001	0.000000	-90.880236
73.700001	0.000000	-90.935953
73.800001	0.000000	-90.991561
73.900001	0.000000	-91.047062
74.000001	0.000000	-91.102455
74.100001	0.000000	-91.157741
74.200001	0.000000	-91.212921
74.300001	0.000000	-91.267994
74.400001	0.000000	-91.322961
74.500001	0.000000	-91.377823
74.600001	0.000000	-91.432580
74.700001	0.000000	-91.487233
74.800001	0.000000	-91.541781
74.900001	0.000000	-91.596226
75.000001	0.000000	-91.650567
75.100001	0.000000	-91.704806
75.200001	0.000000	-91.758942
75.300001	0.000000	-91.812977
75.400001	0.000000	-91.866909
75.500001	0.000000	-91.920741
75.600001	0.000000	-91.974471
75.700001	0.000000	-92.028101
75.800001	0.000000	-92.081632
75.900001	0.000000	-92.135062
76.000001	0.000000	-92.188393
76.100001	0.000000	-92.241626
76.200001	0.000000	-92.294760
76.300001	0.000000	-92.347796
76.400001	0.000000	-92.400734
76.500001	0.000000	-92.453575
76.600001	0.000000	-92.506319
76.700001	0.000000	-92.558967
76.800001	0.000000	-92.611518
76.900001	0.000000	-92.663973
77.000001	0.000000	-92.716334
77.100001	0.000000	-92.768599
77.200001	0.000000	-92.820769
77.300001	0.000000	-92.872845
77.400001	0.000000	-92.924827
77.500001	0.000000	-92.976715
77.600001	0.000000	-93.028510
77.700001	0.000000	-93.080212
77.800001	0.000000	-93.131821
77.900001	0.000000	-93.183339
78.000001	0.000000	-93.234764
78.100001	0.000000	-93.286098
78.200001	0.000000	-93.337340
78.300001	0.000000	-93.388492
78.400001	0.000000	-93.439553
78.500001	0.000000	-93.490524
78.600001	0.000000	-93.541406
78.700001	0.000000	-93.592197
78.800001	0.000000	-93.642900
78.900001	0.000000	-93.693513
79.000001	0.000000	-93.744039
79.100001	0.000000	-93.794475
79.200001	0.000000	-93.844824
79.300001	0.000000	-93.895086
79.400001	0.000000	-93.945260
79.500001	0.000000	-93.995347
79.600001	0.000000	-94.045348
79.700001	0.000000	-94.095262
79.800001	0.000000	-94.145090
79.900001	0.000000	-94.194833
80.000001	0.000000	-94.244490
80.100001	0.000000	-94.294062
80.200001	0.000000	-94.343550
80.300001	0.000000	-94.392953
80.400001	0.000000	-94.442271
80.500001	0.000000	-94.491506
80.600001	0.000000	-94.540658
80.700001	0.000000	-94.589726
80.800001	0.000000	-94.638711
80.900001	0.000000	-94.687613
81.000001	0.000000	-94.736433
81.100001	0.000000	-94.785171
81.200001	0.000000	-94.833827
81.300001	0.000000	-94.882402
81.400001	0.000000	-94.930895
81.500001	0.000000	-94.979307
81.600001	0.000000	-95.027639
81.700001	0.000000	-95.075890
81.800001	0.000000	-95.124061
81.900001	0.000000	-95.172152
82.000001	0.000000	-95.220164
82.100001	0.000000	-95.268096
82.200001	0.000000	-95.315950
82.300001	0.000000	-95.363724
82.400001	0.000000	-95.411420
82.500001	0.000000	-95.459038
82.600001	0.000000	-95.506578
82.700001	0.000000	-95.554040
82.800001	0.000000	-95.601425
82.900001	0.000000	-95.648733
83.000001	0.000000	-95.695963
83.100001	0.000000	-95.743117
83.200001	0.000000	-95.790195
83.300001	0.000000	-95.837196
83.400001	0.000000	-95.884122
83.500001	0.000000	-95.930972
83.600001	0.000000	-95.977746
83.700001	0.000000	-96.024446
83.800001	0.000000	-96.071070
83.900001	0.000000	-96.117620
84.000001	0.000000	-96.164096
84.100001	0.000000	-96.210497
84.200001	0.000000	-96.256825
84.300001	0.000000	-96.303079
84.400001	0.000000	-96.349259
84.500001	0.000000	-96.395366
84.600001	0.000000	-96.441401
84.700001	0.000000	-96.487362
84.800001	0.000000	-96.533252
84.900001	0.000000	-96.579069
85.000001	0.000000	-96.624813
85.100001	0.000000	-96.670487
85.200001	0.000000	-96.716088
85.300001	0.000000	-96.761619
85.400001	0.000000	-96.807078
85.500001	0.000000	-96.852467
85.600001	0.000000	-96.897784
85.700001	0.000000	-96.943032
85.800001	0.000000	-96.988209
85.900001	0.000000	-97.033317
86.000001	0.000000	-97.078354
86.100001	0.000000	-97.123323
86.200001	0.000000	-97.168221
86.300001	0.000000	-97.213051
86.400001	0.000000	-97.257812
86.500001	0.000000	-97.302505
86.600001	0.000000	-97.347129
86.700001	0.000000	-97.391685
86.800001	0.000000	-97.436172
86.900001	0.000000	-97.480592
87.000001	0.000000	-97.524945
87.100001	0.000000	-97.569230
87.200001	0.000000	-97.613448
87.300001	0.000000	-97.657599
87.400001	0.000000	-97.701684
87.500001	0.000000	-97.745701
87.600001	0.000000	-97.789653
87.700001	0.000000	-97.833538
87.800001	0.000000	-97.877358
87.900001	0.000000	-97.921112
88.000001	0.000000	-97.964800
88.100001	0.000000	-98.008423
88.200001	0.000000	-98.051981
88.300001	0.000000	-98.095474
88.400001	0.000000	-98.138903
88.500001	0.000000	-98.182266
88.600001	0.000000	-98.225566
88.700001	0.000000	-98.268801
88.800001	0.000000	-98.311973
88.900001	0.000000	-98.355081
89.000001	0.000000	-98.398125
89.100001	0.000000	-98.441106
89.200001	0.000000	-98.484023
89.300001	0.000000	-98.526878
89.400001	0.000000	-98.569670
89.500001	0.000000	-98.612399
89.600001	0.000000	-98.655066
89.700001	0.000000	-98.697671
89.800001	0.000000	-98.740213
89.900001	0.000000	-98.782694
90.000001	0.000000	-98.825113
90.100001	0.000000	-98.867471
90.200001	0.000000	-98.909767
90.300001	0.000000	-98.952002
90.400001	0.000000	-98.994177
90.500001	0.000000	-99.036290
90.600001	0.000000	-99.078343
90.700001	0.000000	-99.120335
90.800001	0.000000	-99.162268
90.900001	0.000000	-99.204140
91.000001	0.000000	-99.245952
91.100001	0.000000	-99.287704
91.200001	0.000000	-99.329397
91.300001	0.000000	-99.371031
91.400001	0.000000	-99.412605
91.500001	0.000000	-99.454120
91.600001	0.000000	-99.495577
91.700001	0.000000	-99.536974
91.800001	0.000000	-99.578314
91.900001	0.000000	-99.619594
92.000001	0.000000	-99.660817
92.100001	0.000000	-99.701982
92.200001	0.000000	-99.743088
92.300001	0.000000	-99.784137
92.400001	0.000000	-99.825129
92.500001	0.000000	-99.866063
92.600001	0.000000	-99.906940
92.700001	0.000000	-99.947759
92.800001	0.000000	-99.988522
92.900001	0.000000	-100.029228
93.000001	0.000000	-100.069878
93.100001	0.000000	-100.110471
93.200001	0.000000	-100.151008
93.300001	0.000000	-100.191489
93.400001	0.000000	-100.231914
93.500001	0.000000	-100.272283
93.600001	0.000000	-100.312596
93.700001	0.000000	-100.352854
93.800001	0.000000	-100.393056
93.900001	0.000000	-100.433204
94.000001	0.000000	-100.473296
94.100001	0.000000	-100.513334
94.200001	0.000000	-100.553316
94.300001	0.000000	-100.593244
94.400001	0.000000	-100.633118
94.500001	0.000000	-100.672938
94.600001	0.000000	-100.712703
94.700001	0.000000	-100.752414
94.800001	0.000000	-100.792072
94.900001	0.000000	-100.831675
95.000001	0.000000	-100.871226
95.100001	0.000000	-100.910723
95.200001	0.000000	-100.950166
95.300001	0.000000	-100.989557
95.400001	0.000000	-101.028894
95.500001	0.000000	-101.068179
95.600001	0.000000	-101.107411
95.700001	0.000000	-101.146590
95.800001	0.000000	-101.185717
95.900001	0.000000	-101.224792
96.000001	0.000000	-101.263815
96.100001	0.000000	-101.302785
96.200001	0.000000	-101.341704
96.300001	0.000000	-101.380571
96.400001	0.000000	-101.419386
96.500001	0.000000	-101.458150
96.600001	0.000000	-101.496863
96.700001	0.000000	-101.535525
96.800001	0.000000	-101.574135
96.900001	0.000000	-101.612695
97.000001	0.000000	-101.651204
97.100001	0.000000	-101.689662
97.200001	0.000000	-101.728070
97.300001	0.000000	-101.766427
97.400001	0.000000	-101.804734
97.500001	0.000000	-101.842991
97.600001	0.000000	-101.881198
97.700001	0.000000	-101.919355
97.800001	0.000000	-101.957463
97.900001	0.000000	-101.995521
98.000001	0.000000	-102.033529
98.100001	0.000000	-102.071488
98.200001	0.000000	-102.109398
98.300001	0.000000	-102.147259
98.400001	0.000000	-102.185070
98.500001	0.000000	-102.222833
98.600001	0.000000	-102.260548
98.700001	0.000000	-102.298213
98.800001	0.000000	-102.335830
98.900001	0.000000	-102.373399
99.000001	0.000000	-102.410920
99.100001	0.000000	-102.448392
99.200001	0.000000	-102.485817
99.300001	0.000000	-102.523194
99.400001	0.000000	-102.560523
99.500001	0.000000	-102.597804
99.600001	0.000000	-102.635038
99.700001	0.000000	-102.672225
99.800001	0.000000	-102.709364
99.900001	0.000000	-102.746456
100.000001	0.000000	-102.783501
100.100001	0.000000	-102.820499
100.200001	0.000000	-102.857451
100.300001	0.000000	-102.894356
100.400001	0.000000	-102.931214
100.500001	0.000000	-102.968026
100.600001	0.000000	-103.004791
100.700002	0.000000	-103.041510
100.800002	0.000000	-103.078184
100.900002	0.000000	-103.114811
101.000002	0.000000	-103.151392
101.100002	0.000000	-103.187928
101.200002	0.000000	-103.224418
101.300002	0.000000	-103.260862
101.400002	0.000000	-103.297261
101.500002	0.000000	-103.333615
101.600002	0.000000	-103.369924
101.700002	0.000000	-103.406187
101.800002	0.000000	-103.442406
101.900002	0.000000	-103.478579
102.000002	0.000000	-103.514708
102.100002	0.000000	-103.550792
102.200002	0.000000	-103.586832
102.300002	0.000000	-103.622827
102.400002	0.000000	-103.658778
102.500002	0.000000	-103.694685
102.600002	0.000000	-103.730547
102.700002	0.000000	-103.766366
102.800002	0.000000	-103.802141
102.900002	0.000000	-103.837872
103.000002	0.000000	-103.873559
103.100002	0.000000	-103.909203
103.200002	0.000000	-103.944803
103.300002	0.000000	-103.980360
103.400002	0.000000	-104.015873
103.500002	0.000000	-104.051343
103.600002	0.000000	-104.086771
103.700002	0.000000	-104.122155
103.800002	0.000000	-104.157496
103.900002	0.000000	-104.192795
104.000002	0.000000	-104.228051
104.100002	0.000000	-104.263264
104.200002	0.000000	-104.298435
104.300002	0.000000	-104.333564
104.400002	0.000000	-104.368650
104.500002	0.000000	-104.403695
104.600002	0.000000	-104.438697
104.700002	0.000000	-104.473657
104.800002	0.000000	-104.508575
104.900002	0.000000	-104.543452
105.000002	0.000000	-104.578286
105.100002	0.000000	-104.613080
105.200002	0.000000	-104.647831
105.300002	0.000000	-104.682542
105.400002	0.000000	-104.717211
105.500002	0.000000	-104.751839
105.600002	0.000000	-104.786426
105.700002	0.000000	-104.820971
105.800002	0.000000	-104.855476
105.900002	0.000000	-104.889940
106.000002	0.000000	-104.924364
106.100002	0.000000	-104.958746
106.200002	0.000000	-104.993088
106.300002	0.000000	-105.027390
106.400002	0.000000	-105.061651
106.500002	0.000000	-105.095872
106.600002	0.000000	-105.130053
106.700002	0.000000	-105.164194
106.800002	0.000000	-105.198295
106.900002	0.000000	-105.232356
107.000002	0.000000	-105.266377
107.100002	0.000000	-105.300358
107.200002	0.000000	-105.334300
107.300002	0.000000	-105.368202
107.400002	0.000000	-105.402065
107.500002	0.000000	-105.435889
107.600002	0.000000	-105.469673
107.700002	0.000000	-105.503418
107.800002	0.000000	-105.537123
107.900002	0.000000	-105.570790
108.000002	0.000000	-105.604418
108.100002	0.000000	-105.638007
108.200002	0.000000	-105.671557
108.300002	0.000000	-105.705069
108.400002	0.000000	-105.738542
108.500002	0.000000	-105.771977
108.600002	0.000000	-105.805373
108.700002	0.000000	-105.838731
108.800002	0.000000	-105.872050
108.900002	0.000000	-105.905332
109.000002	0.000000	-105.938575
109.100002	0.000000	-105.971780
109.200002	0.000000	-106.004948
109.300002	0.000000	-106.038077
109.400002	0.000000	-106.071169
109.500002	0.000000	-106.104223
109.600002	0.000000	-106.137240
109.700002	0.000000	-106.170219
109.800002	0.000000	-106.203161
109.900002	0.000000	-106.236065
110.000002	0.000000	-106.268932
110.100002	0.000000	-106.301762
110.200002	0.000000	-106.334555
110.300002	0.000000	-106.367311
110.400002	0.000000	-106.400030
110.500002	0.000000	-106.432712
110.600002	0.000000	-106.465357
110.700002	0.000000	-106.497965
110.800002	0.000000	-106.530537
110.900002	0.000000	-106.563073
111.000002	0.000000	-106.595572
111.100002	0.000000	-106.628034
111.200002	0.000000	-106.660461
111.300002	0.000000	-106.692851
111.400002	0.000000	-106.725205
111.500002	0.000000	-106.757522
111.600002	0.000000	-106.789804
111.700002	0.000000	-106.822050
111.800002	0.000000	-106.854260
111.900002	0.000000	-106.886434
112.000002	0.000000	-106.918573
112.100002	0.000000	-106.950676
112.200002	0.000000	-106.982743
112.300002	0.000000	-107.014775
112.400002	0.000000	-107.046772
112.500002	0.000000	-107.078733
112.600002	0.000000	-107.110659
112.700002	0.000000	-107.142550
112.800002	0.000000	-107.174406
112.900002	0.000000	-107.206226
113.000002	0.000000	-107.238012
113.100002	0.000000	-107.269763
113.200002	0.000000	-107.301479
113.300002	0.000000	-107.333160
113.400002	0.000000	-107.364807
113.500002	0.000000	-107.396419
113.600002	0.000000	-107.427997
113.700002	0.000000	-107.459540
113.800002	0.000000	-107.491049
113.900002	0.000000	-107.522523
114.000002	0.000000	-107.553963
114.100002	0.000000	-107.585369
114.200002	0.000000	-107.616741
114.300002	0.000000	-107.648079
114.400002	0.000000	-107.679383
114.500002	0.000000	-107.710653
114.600002	0.000000	-107.741889
114.700002	0.000000	-107.773092
114.800002	0.000000	-107.804260
114.900002	0.000000	-107.835396
115.000002	0.000000	-107.866497
115.100002	0.000000	-107.897565
115.200002	0.000000	-107.928600
115.300002	0.000000	-107.959602
115.400002	0.000000	-107.990570
115.500002	0.000000	-108.021505
115.600002	0.000000	-108.052407
115.700002	0.000000	-108.083275
115.800002	0.000000	-108.114111
115.900002	0.000000	-108.144914
116.000002	0.000000	-108.175684
116.100002	0.000000	-108.206421
116.200002	0.000000	-108.237125
116.300002	0.000000	-108.267797
116.400002	0.000000	-108.298436
116.500002	0.000000	-108.329043
116.600002	0.000000	-108.359617
116.700002	0.000000	-108.390158
116.800002	0.000000	-108.420668
116.900002	0.000000	-108.451145
117.000002	0.000000	-108.481589
117.100002	0.000000	-108.512002
117.200002	0.000000	-108.542383
117.300002	0.000000	-108.572731
117.400002	0.000000	-108.603048
117.500002	0.000000	-108.633332
117.600002	0.000000	-108.663585
117.700002	0.000000	-108.693806
117.800002	0.000000	-108.723995
117.900002	0.000000	-108.754153
118.000002	0.000000	-108.784279
118.100002	0.000000	-108.814373
118.200002	0.000000	-108.844436
118.300002	0.000000	-108.874468
118.400002	0.000000	-108.904468
118.500002	0.000000	-108.934437
118.600002	0.000000	-108.964375
118.700002	0.000000	-108.994281
118.800002	0.000000	-109.024157
118.900002	0.000000	-109.054001
119.000002	0.000000	-109.083815
119.100002	0.000000	-109.113597
119.200002	0.000000	-109.143349
119.300002	0.000000	-109.173069
119.400002	0.000000	-109.202759
119.500002	0.000000	-109.232419
119.600002	0.000000	-109.262048
119.700002	0.000000	-109.291646
119.800002	0.000000	-109.321213
119.900002	0.000000	-109.350751
120.000002	0.000000	-109.380257
120.100002	0.000000	-109.409734
120.200002	0.000000	-109.439180
120.300002	0.000000	-109.468596
120.400002	0.000000	-109.497982
120.500002	0.000000	-109.527338
120.600002	0.000000	-109.556663
120.700002	0.000000	-109.585959
120.800002	0.000000	-109.615224
120.900002	0.000000	-109.644460
121.000002	0.000000	-109.673666
121.100002	0.000000	-109.702842
121.200002	0.000000	-109.731989
121.300002	0.000000	-109.761106
121.400002	0.000000	-109.790193
121.500002	0.000000	-109.819251
121.600002	0.000000	-109.848279
121.700002	0.000000	-109.877278
121.800002	0.000000	-109.906247
121.900002	0.000000	-109.935187
122.000002	0.000000	-109.964098
122.100002	0.000000	-109.992980
122.200002	0.000000	-110.021832
122.300002	0.000000	-110.050655
122.400002	0.000000	-110.079450
122.500002	0.000000	-110.108215
122.600002	0.000000	-110.136951
122.700002	0.000000	-110.165659
122.800002	0.000000	-110.194337
122.900002	0.000000	-110.222987
123.000002	0.000000	-110.251608
123.100002	0.000000	-110.280200
123.200002	0.000000	-110.308764
123.300002	0.000000	-110.337299
123.400002	0.000000	-110.365806
123.500002	0.000000	-110.394284
123.600002	0.000000	-110.422734
123.700002	0.000000	-110.451155
123.800002	0.000000	-110.479548
123.900002	0.000000	-110.507913
124.000002	0.000000	-110.536250
124.100002	0.000000	-110.564558
124.200002	0.000000	-110.592839
124.300002	0.000000	-110.621091
124.400002	0.000000	-110.649315
124.500002	0.000000	-110.677512
124.600002	0.000000	-110.705680
124.700002	0.000000	-110.733821
124.800002	0.000000	-110.761933
124.900002	0.000000	-110.790018
125.000002	0.000000	-110.818076
125.100002	0.000000	-110.846105
125.200002	0.000000	-110.874107
125.300002	0.000000	-110.902082
125.400002	0.000000	-110.930029
125.500002	0.000000	-110.957948
125.600002	0.000000	-110.985841
125.700002	0.000000	-111.013705
125.800002	0.000000	-111.041543
125.900002	0.000000	-111.069353
126.000002	0.000000	-111.097136
126.100002	0.000000	-111.124892
126.200002	0.000000	-111.152620
126.300002	0.000000	-111.180322
126.400002	0.000000	-111.207997
126.500002	0.000000	-111.235644
126.600002	0.000000	-111.263265
126.700002	0.000000	-111.290859
126.800002	0.000000	-111.318426
126.900002	0.000000	-111.345966
127.000002	0.000000	-111.373480
127.100002	0.000000	-111.400967
127.200002	0.000000	-111.428427
127.300002	0.000000	-111.455860
127.400002	0.000000	-111.483267
127.500002	0.000000	-111.510648
127.600002	0.000000	-111.538002
127.700002	0.000000	-111.565330
127.800002	0.000000	-111.592631
127.900002	0.000000	-111.619906
128.000002	0.000000	-111.647155
128.100002	0.000000	-111.674377
128.200002	0.000000	-111.701573
128.300002	0.000000	-111.728744
128.400002	0.000000	-111.755888
128.500002	0.000000	-111.783006
128.600002	0.000000	-111.810098
128.700002	0.000000	-111.837164
128.800002	0.000000	-111.864204
128.900002	0.000000	-111.891219
129.000002	0.000000	-111.918207
129.100002	0.000000	-111.945170
129.200002	0.000000	-111.972107
129.300002	0.000000	-111.999018
129.400002	0.000000	-112.025904
129.500002	0.000000	-112.052764
129.600002	0.000000	-112.079599
129.700002	0.000000	-112.106408
129.800002	0.000000	-112.133191
129.900002	0.000000	-112.159949
130.000002	0.000000	-112.186682
130.100002	0.000000	-112.213390
130.200002	0.000000	-112.240072
130.300002	0.000000	-112.266729
130.400002	0.000000	-112.293360
130.500002	0.000000	-112.319967
130.600002	0.000000	-112.346548
130.700002	0.000000	-112.373104
130.800002	0.000000	-112.399636
130.900002	0.000000	-112.426142
131.000002	0.000000	-112.452623
131.100002	0.000000	-112.479080
131.200002	0.000000	-112.505511
131.300002	0.000000	-112.531918
131.400002	0.000000	-112.558300
131.500002	0.000000	-112.584657
131.600002	0.000000	-112.610990
131.700002	0.000000	-112.637298
131.800002	0.000000	-112.663581
131.900002	0.000000	-112.689839
132.000002	0.000000	-112.716073
132.100002	0.000000	-112.742283
132.200002	0.000000	-112.768468
132.300002	0.000000	-112.794629
132.400002	0.000000	-112.820765
132.500002	0.000000	-112.846877
132.600002	0.000000	-112.872965
132.700002	0.000000	-112.899029
132.800002	0.000000	-112.925068
132.900002	0.000000	-112.951083
133.000002	0.000000	-112.977074
133.100002	0.000000	-113.003041
133.200002	0.000000	-113.028983
133.300002	0.000000	-113.054902
133.400002	0.000000	-113.080797
133.500002	0.000000	-113.106668
133.600002	0.000000	-113.132515
133.700002	0.000000	-113.158338
133.800002	0.000000	-113.184137
133.900002	0.000000	-113.209913
134.000002	0.000000	-113.235665
134.100002	0.000000	-113.261393
134.200002	0.000000	-113.287097
134.300002	0.000000	-113.312778
134.400002	0.000000	-113.338435
134.500002	0.000000	-113.364069
134.600002	0.000000	-113.389679
134.700002	0.000000	-113.415266
134.800002	0.000000	-113.440829
134.900002	0.000000	-113.466369
135.000002	0.000000	-113.491885
135.100002	0.000000	-113.517379
135.200002	0.000000	-113.542848
135.300002	0.000000	-113.568295
135.400002	0.000000	-113.593719
135.500002	0.000000	-113.619119
135.600002	0.000000	-113.644496
135.700002	0.000000	-113.669850
135.800002	0.000000	-113.695181
135.900002	0.000000	-113.720489
136.000002	0.000000	-113.745774
136.100002	0.000000	-113.771036
136.200002	0.000000	-113.796275
136.300002	0.000000	-113.821491
136.400002	0.000000	-113.846685
136.500002	0.000000	-113.871855
136.600002	0.000000	-113.897003
136.700002	0.000000	-113.922128
136.800002	0.000000	-113.947231
136.900002	0.000000	-113.972311
137.000002	0.000000	-113.997368
137.100002	0.000000	-114.022402
137.200002	0.000000	-114.047414
137.300002	0.000000	-114.072404
137.400002	0.000000	-114.097371
137.500002	0.000000	-114.122315
137.600002	0.000000	-114.147238
137.700002	0.000000	-114.172137
137.800002	0.000000	-114.197015
137.900002	0.000000	-114.221870
138.000002	0.000000	-114.246703
138.100002	0.000000	-114.271514
138.200002	0.000000	-114.296302
138.300002	0.000000	-114.321068
138.400002	0.000000	-114.345812
138.500002	0.000000	-114.370535
138.600002	0.000000	-114.395235
138.700002	0.000000	-114.419913
138.800002	0.000000	-114.444569
138.900002	0.000000	-114.469203
139.000002	0.000000	-114.493815
139.100002	0.000000	-114.518405
139.200002	0.000000	-114.542973
139.300002	0.000000	-114.567520
139.400002	0.000000	-114.592045
139.500002	0.000000	-114.616548
139.600002	0.000000	-114.641029
139.700002	0.000000	-114.665488
139.800002	0.000000	-114.689926
139.900002	0.000000	-114.714343
140.000002	0.000000	-114.738737
140.100002	0.000000	-114.763111
140.200002	0.000000	-114.787462
140.300002	0.000000	-114.811792
140.400002	0.000000	-114.836101
140.500002	0.000000	-114.860388
140.600002	0.000000	-114.884654
140.700002	0.000000	-114.908899
140.800002	0.000000	-114.933122
140.900002	0.000000	-114.957324
141.000002	0.000000	-114.981505
141.100002	0.000000	-115.005664
141.200002	0.000000	-115.029802
141.300002	0.000000	-115.053920
141.400002	0.000000	-115.078015
141.500002	0.000000	-115.102090
141.600002	0.000000	-115.126144
141.700002	0.000000	-115.150177
141.800002	0.000000	-115.174189
141.900002	0.000000	-115.198179
142.000002	0.000000	-115.222149
142.100002	0.000000	-115.246098
142.200002	0.000000	-115.270026
142.300002	0.000000	-115.293933
142.400002	0.000000	-115.317820
142.500002	0.000000	-115.341686
142.600002	0.000000	-115.365530
142.700002	0.000000	-115.389355
142.800002	0.000000	-115.413158
142.900002	0.000000	-115.436941
143.000002	0.000000	-115.460703
143.100002	0.000000	-115.484445
143.200002	0.000000	-115.508166
143.300002	0.000000	-115.531866
143.400002	0.000000	-115.555546
143.500002	0.000000	-115.579205
143.600002	0.000000	-115.602845
143.700002	0.000000	-115.626463
143.800002	0.000000	-115.650061
143.900002	0.000000	-115.673639
144.000002	0.000000	-115.697197
144.100002	0.000000	-115.720734
144.200002	0.000000	-115.744251
144.300002	0.000000	-115.767748
144.400002	0.000000	-115.791224
144.500002	0.000000	-115.814681
144.600002	0.000000	-115.838117
144.700002	0.000000	-115.861533
144.800002	0.000000	-115.884929
144.900002	0.000000	-115.908305
145.000002	0.000000	-115.931661
145.100002	0.000000	-115.954997
145.200002	0.000000	-115.978313
145.300002	0.000000	-116.001609
145.400002	0.000000	-116.024885
145.500002	0.000000	-116.048142
145.600002	0.000000	-116.071378
145.700002	0.000000	-116.094595
145.800002	0.000000	-116.117792
145.900002	0.000000	-116.140969
146.000002	0.000000	-116.164126
146.100002	0.000000	-116.187263
146.200002	0.000000	-116.210381
146.300002	0.000000	-116.233480
146.400002	0.000000	-116.256558
146.500002	0.000000	-116.279617
146.600002	0.000000	-116.302657
146.700002	0.000000	-116.325677
146.800002	0.000000	-116.348677
146.900002	0.000000	-116.371658
147.000002	0.000000	-116.394619
147.100002	0.000000	-116.417562
147.200002	0.000000	-116.440484
147.300002	0.000000	-116.463387
147.400002	0.000000	-116.486271
147.500002	0.000000	-116.509136
147.600002	0.000000	-116.531981
147.700002	0.000000	-116.554807
147.800002	0.000000	-116.577614
147.900002	0.000000	-116.600402
148.000002	0.000000	-116.623170
148.100002	0.000000	-116.645920
148.200002	0.000000	-116.668650
148.300002	0.000000	-116.691361
148.400002	0.000000	-116.714053
148.500002	0.000000	-116.736726
148.600002	0.000000	-116.759380
148.700002	0.000000	-116.782015
148.800002	0.000000	-116.804631
148.900002	0.000000	-116.827228
149.000002	0.000000	-116.849806
149.100002	0.000000	-116.872365
149.200002	0.000000	-116.894906
149.300002	0.000000	-116.917427
149.400002	0.000000	-116.939930
149.500002	0.000000	-116.962414
149.600002	0.000000	-116.984880
149.700002	0.000000	-117.007326
149.800002	0.000000	-117.029754
149.900002	0.000000	-117.052163
150.000002	0.000000	-117.074554
150.100002	0.000000	-117.096926
150.200002	0.000000	-117.119279
150.300002	0.000000	-117.141614
150.400002	0.000000	-117.163930
150.500002	0.000000	-117.186227
150.600002	0.000000	-117.208507
150.700002	0.000000	-117.230767
150.800002	0.000000	-117.253010
150.900002	0.000000	-117.275234
151.000002	0.000000	-117.297439
151.100002	0.000000	-117.319626
151.200002	0.000000	-117.341795
151.300002	0.000000	-117.363946
151.400002	0.000000	-117.386078
151.500002	0.000000	-117.408192
151.600002	0.000000	-117.430287
151.700002	0.000000	-117.452365
151.800002	0.000000	-117.474424
151.900002	0.000000	-117.496465
152.000002	0.000000	-117.518488
152.100002	0.000000	-117.540493
152.200002	0.000000	-117.562480
152.300002	0.000000	-117.584449
152.400002	0.000000	-117.606399
152.500002	0.000000	-117.628332
152.600002	0.000000	-117.650247
152.700002	0.000000	-117.672144
152.800002	0.000000	-117.694022
152.900002	0.000000	-117.715883
153.000002	0.000000	-117.737726
153.100002	0.000000	-117.759551
153.200002	0.000000	-117.781359
153.300002	0.000000	-117.803148
153.400002	0.000000	-117.824920
153.500002	0.000000	-117.846674
153.600002	0.000000	-117.868410
153.700002	0.000000	-117.890128
153.800002	0.000000	-117.911829
153.900002	0.000000	-117.933512
154.000002	0.000000	-117.955178
154.100002	0.000000	-117.976825
154.200002	0.000000	-117.998456
154.300002	0.000000	-118.020068
154.400002	0.000000	-118.041663
154.500002	0.000000	-118.063241
154.600002	0.000000	-118.084801
154.700002	0.000000	-118.106343
154.800002	0.000000	-118.127868
154.900002	0.000000	-118.149376
155.000002	0.000000	-118.170866
155.100002	0.000000	-118.192339
155.200002	0.000000	-118.213795
155.300002	0.000000	-118.235233
155.400002	0.000000	-118.256654
155.500002	0.000000	-118.278057
155.600002	0.000000	-118.299443
155.700002	0.000000	-118.320812
155.800002	0.000000	-118.342164
155.900002	0.000000	-118.363498
156.000002	0.000000	-118.384816
156.100002	0.000000	-118.406116
156.200002	0.000000	-118.427399
156.300002	0.000000	-118.448665
156.400002	0.000000	-118.469914
156.500002	0.000000	-118.491146
156.600002	0.000000	-118.512360
156.700002	0.000000	-118.533558
156.800002	0.000000	-118.554739
156.900002	0.000000	-118.575902
157.000002	0.000000	-118.597049
157.100002	0.000000	-118.618179
157.200002	0.000000	-118.639292
157.300002	0.000000	-118.660388
157.400002	0.000000	-118.681467
157.500002	0.000000	-118.702529
157.600002	0.000000	-118.723574
157.700002	0.000000	-118.744603
157.800002	0.000000	-118.765615
157.900002	0.000000	-118.786610
158.000002	0.000000	-118.807588
158.100002	0.000000	-118.828550
158.200002	0.000000	-118.849495
158.300002	0.000000	-118.870423
158.400002	0.000000	-118.891335
158.500002	0.000000	-118.912230
158.600002	0.000000	-118.933108
158.700002	0.000000	-118.953970
158.800002	0.000000	-118.974815
158.900002	0.000000	-118.995644
159.000002	0.000000	-119.016456
159.100002	0.000000	-119.037251
159.200002	0.000000	-119.058031
159.300002	0.000000	-119.078793
159.400002	0.000000	-119.099540
159.500002	0.000000	-119.120269
159.600002	0.000000	-119.140983
159.700002	0.000000	-119.161680
159.800002	0.000000	-119.182360
159.900002	0.000000	-119.203025
160.000002	0.000000	-119.223673
160.100002	0.000000	-119.244305
160.200002	0.000000	-119.264920
160.300002	0.000000	-119.285519
160.400002	0.000000	-119.306102
160.500002	0.000000	-119.326669
160.600002	0.000000	-119.347220
160.700002	0.000000	-119.367754
160.800002	0.000000	-119.388272
160.900002	0.000000	-119.408774
161.000002	0.000000	-119.429261
161.100002	0.000000	-119.449730
161.200002	0.000000	-119.470184
161.300002	0.000000	-119.490622
161.400002	0.000000	-119.511044
161.500002	0.000000	-119.531450
161.600002	0.000000	-119.551840
161.700002	0.000000	-119.572213
161.800002	0.000000	-119.592571
161.900002	0.000000	-119.612913
162.000002	0.000000	-119.633239
162.100002	0.000000	-119.653550
162.200002	0.000000	-119.673844
162.300002	0.000000	-119.694122
162.400002	0.000000	-119.714385
162.500002	0.000000	-119.734632
162.600002	0.000000	-119.754863
162.700002	0.000000	-119.775078
162.800002	0.000000	-119.795278
162.900002	0.000000	-119.815461
163.000002	0.000000	-119.835630
163.100002	0.000000	-119.855782
163.200002	0.000000	-119.875919
163.300002	0.000000	-119.896040
163.400002	0.000000	-119.916145
163.500002	0.000000	-119.936235
163.600002	0.000000	-119.956309
163.700002	0.000000	-119.976368
163.800002	0.000000	-119.996411
163.900002	0.000000	-120.016439
164.000002	0.000000	-120.036451
164.100002	0.000000	-120.056447
164.200002	0.000000	-120.076428
164.300002	0.000000	-120.096394
164.400002	0.000000	-120.116344
164.500002	0.000000	-120.136279
164.600002	0.000000	-120.156198
164.700002	0.000000	-120.176102
164.800002	0.000000	-120.195991
164.900002	0.000000	-120.215864
165.000002	0.000000	-120.235722
165.100002	0.000000	-120.255565
165.200002	0.000000	-120.275392
165.300002	0.000000	-120.295204
165.400002	0.000000	-120.315001
165.500002	0.000000	-120.334783
165.600002	0.000000	-120.354549
165.700002	0.000000	-120.374301
165.800002	0.000000	-120.394037
165.900002	0.000000	-120.413757
166.000002	0.000000	-120.433463
166.100002	0.000000	-120.453154
166.200002	0.000000	-120.472829
166.300002	0.000000	-120.492490
166.400002	0.000000	-120.512135
166.500002	0.000000	-120.531765
166.600002	0.000000	-120.551381
166.700002	0.000000	-120.570981
166.800002	0.000000	-120.590566
166.900002	0.000000	-120.610136
167.000002	0.000000	-120.629692
167.100002	0.000000	-120.649232
167.200002	0.000000	-120.668758
167.300002	0.000000	-120.688268
167.400002	0.000000	-120.707764
167.500002	0.000000	-120.727245
167.600002	0.000000	-120.746711
167.700002	0.000000	-120.766162
167.800003	0.000000	-120.785598
167.900003	0.000000	-120.805020
168.000003	0.000000	-120.824426
168.100003	0.000000	-120.843818
168.200003	0.000000	-120.863196
168.300003	0.000000	-120.882558
168.400003	0.000000	-120.901906
168.500003	0.000000	-120.921239
168.600003	0.000000	-120.940557
168.700003	0.000000	-120.959861
168.800003	0.000000	-120.979150
168.900003	0.000000	-120.998425
169.000003	0.000000	-121.017685
169.100003	0.000000	-121.036930
169.200003	0.000000	-121.056161
169.300003	0.000000	-121.075377
169.400003	0.000000	-121.094579
169.500003	0.000000	-121.113766
169.600003	0.000000	-121.132938
169.700003	0.000000	-121.152097
169.800003	0.000000	-121.171240
169.900003	0.000000	-121.190369
170.000003	0.000000	-121.209484
170.100003	0.000000	-121.228585
170.200003	0.000000	-121.247671
170.300003	0.000000	-121.266742
170.400003	0.000000	-121.285799
170.500003	0.000000	-121.304842
170.600003	0.000000	-121.323871
170.700003	0.000000	-121.342885
170.800003	0.000000	-121.361885
170.900003	0.000000	-121.380871
171.000003	0.000000	-121.399842
171.100003	0.000000	-121.418799
171.200003	0.000000	-121.437742
171.300003	0.000000	-121.456671
171.400003	0.000000	-121.475585
171.500003	0.000000	-121.494485
171.600003	0.000000	-121.513372
171.700003	0.000000	-121.532244
171.800003	0.000000	-121.551101
171.900003	0.000000	-121.569945
172.000003	0.000000	-121.588775
172.100003	0.000000	-121.607590
172.200003	0.000000	-121.626392
172.300003	0.000000	-121.645179
172.400003	0.000000	-121.663953
172.500003	0.000000	-121.682712
172.600003	0.000000	-121.701457
172.700003	0.000000	-121.720189
172.800003	0.000000	-121.738906
172.900003	0.000000	-121.757609
173.000003	0.000000	-121.776299
173.100003	0.000000	-121.794974
173.200003	0.000000	-121.813636
173.300003	0.000000	-121.832284
173.400003	0.000000	-121.850918
173.500003	0.000000	-121.869538
173.600003	0.000000	-121.888144
173.700003	0.000000	-121.906736
173.800003	0.000000	-121.925315
173.900003	0.000000	-121.943880
174.000003	0.000000	-121.962431
174.100003	0.000000	-121.980968
174.200003	0.000000	-121.999491
174.300003	0.000000	-122.018001
174.400003	0.000000	-122.036497
174.500003	0.000000	-122.054979
174.600003	0.000000	-122.073448
174.700003	0.000000	-122.091903
174.800003	0.000000	-122.110344
174.900003	0.000000	-122.128772
175.000003	0.000000	-122.147186
175.100003	0.000000	-122.165586
175.200003	0.000000	-122.183973
175.300003	0.000000	-122.202346
175.400003	0.000000	-122.220706
175.500003	0.000000	-122.239052
175.600003	0.000000	-122.257384
175.700003	0.000000	-122.275703
175.800003	0.000000	-122.294009
175.900003	0.000000	-122.312301
176.000003	0.000000	-122.330579
176.100003	0.000000	-122.348845
176.200003	0.000000	-122.367096
176.300003	0.000000	-122.385334
176.400003	0.000000	-122.403559
176.500003	0.000000	-122.421771
176.600003	0.000000	-122.439969
176.700003	0.000000	-122.458153
176.800003	0.000000	-122.476325
176.900003	0.000000	-122.494483
177.000003	0.000000	-122.512627
177.100003	0.000000	-122.530759
177.200003	0.000000	-122.548877
177.300003	0.000000	-122.566981
177.400003	0.000000	-122.585073
177.500003	0.000000	-122.603151
177.600003	0.000000	-122.621216
177.700003	0.000000	-122.639268
177.800003	0.000000	-122.657306
177.900003	0.000000	-122.675332
178.000003	0.000000	-122.693344
178.100003	0.000000	-122.711343
178.200003	0.000000	-122.729329
178.300003	0.000000	-122.747302
178.400003	0.000000	-122.765261
178.500003	0.000000	-122.783208
178.600003	0.000000	-122.801141
178.700003	0.000000	-122.819061
178.800003	0.000000	-122.836969
178.900003	0.000000	-122.854863
179.000003	0.000000	-122.872744
179.100003	0.000000	-122.890612
179.200003	0.000000	-122.908467
179.300003	0.000000	-122.926310
179.400003	0.000000	-122.944139
179.500003	0.000000	-122.961955
179.600003	0.000000	-122.979758
179.700003	0.000000	-122.997549
179.800003	0.000000	-123.015326
179.900003	0.000000	-123.033091
180.000003	0.000000	-123.050842
180.100003	0.000000	-123.068581
180.200003	0.000000	-123.086307
180.300003	0.000000	-123.104020
180.400003	0.000000	-123.121720
180.500003	0.000000	-123.139407
180.600003	0.000000	-123.157082
180.700003	0.000000	-123.174744
180.800003	0.000000	-123.192393
180.900003	0.000000	-123.210029
181.000003	0.000000	-123.227652
181.100003	0.000000	-123.245263
181.200003	0.000000	-123.262861
181.300003	0.000000	-123.280446
181.400003	0.000000	-123.298019
181.500003	0.000000	-123.315579
181.600003	0.000000	-123.333126
181.700003	0.000000	-123.350660
181.800003	0.000000	-123.368182
181.900003	0.000000	-123.385691
182.000003	0.000000	-123.403188
182.100003	0.000000	-123.420672
182.200003	0.000000	-123.438143
182.300003	0.000000	-123.455602
182.400003	0.000000	-123.473049
182.500003	0.000000	-123.490482
182.600003	0.000000	-123.507904
182.700003	0.000000	-123.525312
182.800003	0.000000	-123.542708
182.900003	0.000000	-123.560092
183.000003	0.000000	-123.577463
183.100003	0.000000	-123.594822
183.200003	0.000000	-123.612168
183.300003	0.000000	-123.629502
183.400003	0.000000	-123.646823
183.500003	0.000000	-123.664132
183.600003	0.000000	-123.681429
183.700003	0.000000	-123.698713
183.800003	0.000000	-123.715985
183.900003	0.000000	-123.733244
184.000003	0.000000	-123.750491
184.100003	0.000000	-123.767726
184.200003	0.000000	-123.784948
184.300003	0.000000	-123.802158
184.400003	0.000000	-123.819356
184.500003	0.000000	-123.836541
184.600003	0.000000	-123.853714
184.700003	0.000000	-123.870875
184.800003	0.000000	-123.888024
184.900003	0.000000	-123.905160
185.000003	0.000000	-123.922284
185.100003	0.000000	-123.939396
185.200003	0.000000	-123.956496
185.300003	0.000000	-123.973584
185.400003	0.000000	-123.990659
185.500003	0.000000	-124.007722
185.600003	0.000000	-124.024773
185.700003	0.000000	-124.041812
185.800003	0.000000	-124.058839
185.900003	0.000000	-124.075854
186.000003	0.000000	-124.092857
186.100003	0.000000	-124.109847
186.200003	0.000000	-124.126826
186.300003	0.000000	-124.143792
186.400003	0.000000	-124.160746
186.500003	0.000000	-124.177689
186.600003	0.000000	-124.194619
186.700003	0.000000	-124.211537
186.800003	0.000000	-124.228443
186.900003	0.000000	-124.245338
187.000003	0.000000	-124.262220
187.100003	0.000000	-124.279090
187.200003	0.000000	-124.295949
187.300003	0.000000	-124.312795
187.400003	0.000000	-124.329630
187.500003	0.000000	-124.346452
187.600003	0.000000	-124.363263
187.700003	0.000000	-124.380062
187.800003	0.000000	-124.396848
187.900003	0.000000	-124.413624
188.000003	0.000000	-124.430387
188.100003	0.000000	-124.447138
188.200003	0.000000	-124.463878
188.300003	0.000000	-124.480605
188.400003	0.000000	-124.497321
188.500003	0.000000	-124.514025
188.600003	0.000000	-124.530718
188.700003	0.000000	-124.547398
188.800003	0.000000	-124.564067
188.900003	0.000000	-124.580724
189.000003	0.000000	-124.597369
189.100003	0.000000	-124.614003
189.200003	0.000000	-124.630625
189.300003	0.000000	-124.647235
189.400003	0.000000	-124.663834
189.500003	0.000000	-124.680420
189.600003	0.000000	-124.696996
189.700003	0.000000	-124.713559
189.800003	0.000000	-124.730111
189.900003	0.000000	-124.746651
190.000003	0.000000	-124.763180
190.100003	0.000000	-124.779697
190.200003	0.000000	-124.796202
190.300003	0.000000	-124.812696
190.400003	0.000000	-124.829178
190.500003	0.000000	-124.845649
190.600003	0.000000	-124.862108
190.700003	0.000000	-124.878556
190.800003	0.000000	-124.894992
190.900003	0.000000	-124.911416
191.000003	0.000000	-124.927830
191.100003	0.000000	-124.944231
191.200003	0.000000	-124.960621
191.300003	0.000000	-124.977000
191.400003	0.000000	-124.993367
191.500003	0.000000	-125.009723
191.600003	0.000000	-125.026067
191.700003	0.000000	-125.042400
191.800003	0.000000	-125.058722
191.900003	0.000000	-125.075032
192.000003	0.000000	-125.091330
192.100003	0.000000	-125.107618
192.200003	0.000000	-125.123894
192.300003	0.000000	-125.140158
192.400003	0.000000	-125.156412
192.500003	0.000000	-125.172653
192.600003	0.000000	-125.188884
192.700003	0.000000	-125.205103
192.800003	0.000000	-125.221311
192.900003	0.000000	-125.237508
193.000003	0.000000	-125.253694
193.100003	0.000000	-125.269868
193.200003	0.000000	-125.286031
193.300003	0.000000	-125.302182
193.400003	0.000000	-125.318323
193.500003	0.000000	-125.334452
193.600003	0.000000	-125.350570
193.700003	0.000000	-125.366677
193.800003	0.000000	-125.382772
193.900003	0.000000	-125.398857
194.000003	0.000000	-125.414930
194.100003	0.000000	-125.430992
194.200003	0.000000	-125.447043
194.300003	0.000000	-125.463083
194.400003	0.000000	-125.479112
194.500003	0.000000	-125.495130
194.600003	0.000000	-125.511136
194.700003	0.000000	-125.527131
194.800003	0.000000	-125.543116
194.900003	0.000000	-125.559089
195.000003	0.000000	-125.575051
195.100003	0.000000	-125.591002
195.200003	0.000000	-125.606943
195.300003	0.000000	-125.622872
195.400003	0.000000	-125.638790
195.500003	0.000000	-125.654697
195.600003	0.000000	-125.670593
195.700003	0.000000	-125.686478
195.800003	0.000000	-125.702352
195.900003	0.000000	-125.718215
196.000003	0.000000	-125.734068
196.100003	0.000000	-125.749909
196.200003	0.000000	-125.765739
196.300003	0.000000	-125.781559
196.400003	0.000000	-125.797367
196.500003	0.000000	-125.813165
196.600003	0.000000	-125.828952
196.700003	0.000000	-125.844727
196.800003	0.000000	-125.860492
196.900003	0.000000	-125.876247
197.000003	0.000000	-125.891990
197.100003	0.000000	-125.907722
197.200003	0.000000	-125.923444
197.300003	0.000000	-125.939155
197.400003	0.000000	-125.954855
197.500003	0.000000	-125.970544
197.600003	0.000000	-125.986222
197.700003	0.000000	-126.001890
197.800003	0.000000	-126.017547
197.900003	0.000000	-126.033193
198.000003	0.000000	-126.048828
198.100003	0.000000	-126.064453
198.200003	0.000000	-126.080067
198.300003	0.000000	-126.095670
198.400003	0.000000	-126.111262
198.500003	0.000000	-126.126844
198.600003	0.000000	-126.142415
198.700003	0.000000	-126.157976
198.800003	0.000000	-126.173526
198.900003	0.000000	-126.189065
199.000003	0.000000	-126.204593
199.100003	0.000000	-126.220111
199.200003	0.000000	-126.235618
199.300003	0.000000	-126.251115
199.400003	0.000000	-126.266601
199.500003	0.000000	-126.282076
199.600003	0.000000	-126.297541
199.700003	0.000000	-126.312995
199.800003	0.000000	-126.328439
199.900003	0.000000	-126.343872
200.000003	0.000000	-126.359294
200.100003	0.000000	-126.374707
200.200003	0.000000	-126.390108
200.300003	0.000000	-126.405499
200.400003	0.000000	-126.420880
200.500003	0.000000	-126.436250
200.600003	0.000000	-126.451609
200.700003	0.000000	-126.466958
200.800003	0.000000	-126.482297
200.900003	0.000000	-126.497625
201.000003	0.000000	-126.512942
201.100003	0.000000	-126.528250
201.200003	0.000000	-126.543546
201.300003	0.000000	-126.558833
201.400003	0.000000	-126.574109
201.500003	0.000000	-126.589374
201.600003	0.000000	-126.604629
201.700003	0.000000	-126.619874
201.800003	0.000000	-126.635109
201.900003	0.000000	-126.650333
202.000003	0.000000	-126.665546
202.100003	0.000000	-126.680750
202.200003	0.000000	-126.695943
202.300003	0.000000	-126.711126
202.400003	0.000000	-126.726298
202.500003	0.000000	-126.741460
202.600003	0.000000	-126.756612
202.700003	0.000000	-126.771753
202.800003	0.000000	-126.786885
202.900003	0.000000	-126.802006
203.000003	0.000000	-126.817116
203.100003	0.000000	-126.832217
203.200003	0.000000	-126.847307
203.300003	0.000000	-126.862387
203.400003	0.000000	-126.877457
203.500003	0.000000	-126.892516
203.600003	0.000000	-126.907566
203.700003	0.000000	-126.922605
203.800003	0.000000	-126.937634
203.900003	0.000000	-126.952653
204.000003	0.000000	-126.967661
204.100003	0.000000	-126.982660
204.200003	0.000000	-126.997648
204.300003	0.000000	-127.012626
204.400003	0.000000	-127.027594
204.500003	0.000000	-127.042552
204.600003	0.000000	-127.057500
204.700003	0.000000	-127.072438
204.800003	0.000000	-127.087366
204.900003	0.000000	-127.102283
205.000003	0.000000	-127.117191
205.100003	0.000000	-127.132088
205.200003	0.000000	-127.146976
205.300003	0.000000	-127.161853
205.400003	0.000000	-127.176720
205.500003	0.000000	-127.191577
205.600003	0.000000	-127.206425
205.700003	0.000000	-127.221262
205.800003	0.000000	-127.236089
205.900003	0.000000	-127.250906
206.000003	0.000000	-127.265714
206.100003	0.000000	-127.280511
206.200003	0.000000	-127.295298
206.300003	0.000000	-127.310076
206.400003	0.000000	-127.324843
206.500003	0.000000	-127.339601
206.600003	0.000000	-127.354348
206.700003	0.000000	-127.369086
206.800003	0.000000	-127.383814
206.900003	0.000000	-127.398531
207.000003	0.000000	-127.413239
207.100003	0.000000	-127.427937
207.200003	0.000000	-127.442626
207.300003	0.000000	-127.457304
207.400003	0.000000	-127.471972
207.500003	0.000000	-127.486631
207.600003	0.000000	-127.501280
207.700003	0.000000	-127.515919
207.800003	0.000000	-127.530548
207.900003	0.000000	-127.545167
208.000003	0.000000	-127.559776
208.100003	0.000000	-127.574376
208.200003	0.000000	-127.588966
208.300003	0.000000	-127.603546
208.400003	0.000000	-127.618116
208.500003	0.000000	-127.632677
208.600003	0.000000	-127.647228
208.700003	0.000000	-127.661769
208.800003	0.000000	-127.676300
208.900003	0.000000	-127.690822
209.000003	0.000000	-127.705334
209.100003	0.000000	-127.719836
209.200003	0.000000	-127.734328
209.300003	0.000000	-127.748811
209.400003	0.000000	-127.763284
209.500003	0.000000	-127.777747
209.600003	0.000000	-127.792201
209.700003	0.000000	-127.806645
209.800003	0.000000	-127.821080
209.900003	0.000000	-127.835504
210.000003	0.000000	-127.849919
210.100003	0.000000	-127.864325
210.200003	0.000000	-127.878721
210.300003	0.000000	-127.893107
210.400003	0.000000	-127.907484
210.500003	0.000000	-127.921851
210.600003	0.000000	-127.936208
210.700003	0.000000	-127.950556
210.800003	0.000000	-127.964894
210.900003	0.000000	-127.979223
211.000003	0.000000	-127.993542
211.100003	0.000000	-128.007852
211.200003	0.000000	-128.022152
211.300003	0.000000	-128.036443
211.400003	0.000000	-128.050724
211.500003	0.000000	-128.064995
211.600003	0.000000	-128.079257
211.700003	0.000000	-128.093510
211.800003	0.000000	-128.107753
211.900003	0.000000	-128.121986
212.000003	0.000000	-128.136210
212.100003	0.000000	-128.150425
212.200003	0.000000	-128.164630
212.300003	0.000000	-128.178826
212.400003	0.000000	-128.193012
212.500003	0.000000	-128.207189
212.600003	0.000000	-128.221357
212.700003	0.000000	-128.235515
212.800003	0.000000	-128.249663
212.900003	0.000000	-128.263802
213.000003	0.000000	-128.277932
213.100003	0.000000	-128.292053
213.200003	0.000000	-128.306164
213.300003	0.000000	-128.320265
213.400003	0.000000	-128.334358
213.500003	0.000000	-128.348441
213.600003	0.000000	-128.362514
213.700003	0.000000	-128.376579
213.800003	0.000000	-128.390634
213.900003	0.000000	-128.404679
214.000003	0.000000	-128.418716
214.100003	0.000000	-128.432743
214.200003	0.000000	-128.446760
214.300003	0.000000	-128.460769
214.400003	0.000000	-128.474768
214.500003	0.000000	-128.488758
214.600003	0.000000	-128.502739
214.700003	0.000000	-128.516710
214.800003	0.000000	-128.530672
214.900003	0.000000	-128.544625
215.000003	0.000000	-128.558568
215.100003	0.000000	-128.572503
215.200003	0.000000	-128.586428
215.300003	0.000000	-128.600344
215.400003	0.000000	-128.614251
215.500003	0.000000	-128.628148
215.600003	0.000000	-128.642037
215.700003	0.000000	-128.655916
215.800003	0.000000	-128.669786
215.900003	0.000000	-128.683647
216.000003	0.000000	-128.697499
216.100003	0.000000	-128.711341
216.200003	0.000000	-128.725175
216.300003	0.000000	-128.738999
216.400003	0.000000	-128.752814
216.500003	0.000000	-128.766620
216.600003	0.000000	-128.780417
216.700003	0.000000	-128.794205
216.800003	0.000000	-128.807984
216.900003	0.000000	-128.821753
217.000003	0.000000	-128.835514
217.100003	0.000000	-128.849265
217.200003	0.000000	-128.863008
217.300003	0.000000	-128.876741
217.400003	0.000000	-128.890465
217.500003	0.000000	-128.904181
217.600003	0.000000	-128.917887
217.700003	0.000000	-128.931584
217.800003	0.000000	-128.945272
217.900003	0.000000	-128.958951
218.000003	0.000000	-128.972621
218.100003	0.000000	-128.986283
218.200003	0.000000	-128.999935
218.300003	0.000000	-129.013578
218.400003	0.000000	-129.027212
218.500003	0.000000	-129.040837
218.600003	0.000000	-129.054453
218.700003	0.000000	-129.068061
218.800003	0.000000	-129.081659
218.900003	0.000000	-129.095249
219.000003	0.000000	-129.108829
219.100003	0.000000	-129.122401
219.200003	0.000000	-129.135963
219.300003	0.000000	-129.149517
219.400003	0.000000	-129.163062
219.500003	0.000000	-129.176598
219.600003	0.000000	-129.190125
219.700003	0.000000	-129.203643
219.800003	0.000000	-129.217152
219.900003	0.000000	-129.230652
220.000003	0.000000	-129.244144
220.100003	0.000000	-129.257627
220.200003	0.000000	-129.271100
220.300003	0.000000	-129.284565
220.400003	0.000000	-129.298022
220.500003	0.000000	-129.311469
220.600003	0.000000	-129.324907
220.700003	0.000000	-129.338337
220.800003	0.000000	-129.351758
220.900003	0.000000	-129.365170
221.000003	0.000000	-129.378573
221.100003	0.000000	-129.391968
221.200003	0.000000	-129.405354
221.300003	0.000000	-129.418731
221.400003	0.000000	-129.432099
221.500003	0.000000	-129.445458
221.600003	0.000000	-129.458809
221.700003	0.000000	-129.472151
221.800003	0.000000	-129.485484
221.900003	0.000000	-129.498809
222.000003	0.000000	-129.512124
222.100003	0.000000	-129.525431
222.200003	0.000000	-129.538730
222.300003	0.000000	-129.552019
222.400003	0.000000	-129.565300
222.500003	0.000000	-129.578573
222.600003	0.000000	-129.591836
222.700003	0.000000	-129.605091
222.800003	0.000000	-129.618338
222.900003	0.000000	-129.631575
223.000003	0.000000	-129.644804
223.100003	0.000000	-129.658024
223.200003	0.000000	-129.671236
223.300003	0.000000	-129.684439
223.400003	0.000000	-129.697634
223.500003	0.000000	-129.710819
223.600003	0.000000	-129.723997
223.700003	0.000000	-129.737165
223.800003	0.000000	-129.750325
223.900003	0.000000	-129.763477
224.000003	0.000000	-129.776619
224.100003	0.000000	-129.789754
224.200003	0.000000	-129.802879
224.300003	0.000000	-129.815996
224.400003	0.000000	-129.829105
224.500003	0.000000	-129.842205
224.600003	0.000000	-129.855296
224.700003	0.000000	-129.868379
224.800003	0.000000	-129.881454
224.900003	0.000000	-129.894520
225.000003	0.000000	-129.907577
225.100003	0.000000	-129.920626
225.200003	0.000000	-129.933666
225.300003	0.000000	-129.946698
225.400003	0.000000	-129.959721
225.500003	0.000000	-129.972736
225.600003	0.000000	-129.985743
225.700003	0.000000	-129.998741
225.800003	0.000000	-130.011730
225.900003	0.000000	-130.024711
226.000003	0.000000	-130.037684
226.100003	0.000000	-130.050648
226.200003	0.000000	-130.063604
226.300003	0.000000	-130.076551
226.400003	0.000000	-130.089490
226.500003	0.000000	-130.102420
226.600003	0.000000	-130.115342
226.700003	0.000000	-130.128256
226.800003	0.000000	-130.141161
226.900003	0.000000	-130.154058
227.000003	0.000000	-130.166946
227.100003	0.000000	-130.179826
227.200003	0.000000	-130.192698
227.300003	0.000000	-130.205561
227.400003	0.000000	-130.218416
227.500003	0.000000	-130.231263
227.600003	0.000000	-130.244101
227.700003	0.000000	-130.256931
227.800003	0.000000	-130.269753
227.900003	0.000000	-130.282566
228.000003	0.000000	-130.295371
228.100003	0.000000	-130.308167
228.200003	0.000000	-130.320956
228.300003	0.000000	-130.333736
228.400003	0.000000	-130.346507
228.500003	0.000000	-130.359271
228.600003	0.000000	-130.372026
228.700003	0.000000	-130.384773
228.800003	0.000000	-130.397512
228.900003	0.000000	-130.410242
229.000003	0.000000	-130.422964
229.100003	0.000000	-130.435678
229.200003	0.000000	-130.448383
229.300003	0.000000	-130.461081
229.400003	0.000000	-130.473770
229.500003	0.000000	-130.486451
229.600003	0.000000	-130.499123
229.700003	0.000000	-130.511788
229.800003	0.000000	-130.524444
229.900003	0.000000	-130.537092
230.000003	0.000000	-130.549732
230.100003	0.000000	-130.562364
230.200003	0.000000	-130.574987
230.300003	0.000000	-130.587603
230.400003	0.000000	-130.600210
230.500003	0.000000	-130.612809
230.600003	0.000000	-130.625400
230.700003	0.000000	-130.637982
230.800003	0.000000	-130.650557
230.900003	0.000000	-130.663123
231.000003	0.000000	-130.675681
231.100003	0.000000	-130.688232
231.200003	0.000000	-130.700774
231.300003	0.000000	-130.713308
231.400003	0.000000	-130.725833
231.500003	0.000000	-130.738351
231.600003	0.000000	-130.750861
231.700003	0.000000	-130.763362
231.800003	0.000000	-130.775856
231.900003	0.000000	-130.788341
232.000003	0.000000	-130.800818
232.100003	0.000000	-130.813287
232.200003	0.000000	-130.825749
232.300003	0.000000	-130.838202
232.400003	0.000000	-130.850647
232.500003	0.000000	-130.863084
232.600003	0.000000	-130.875513
232.700003	0.000000	-130.887934
232.800003	0.000000	-130.900347
232.900003	0.000000	-130.912751
233.000003	0.000000	-130.925148
233.100003	0.000000	-130.937537
233.200003	0.000000	-130.949918
233.300003	0.000000	-130.962291
233.400003	0.000000	-130.974656
233.500003	0.000000	-130.987013
233.600003	0.000000	-130.999362
233.700003	0.000000	-131.011703
233.800003	0.000000	-131.024036
233.900003	0.000000	-131.036361
234.000003	0.000000	-131.048678
234.100003	0.000000	-131.060987
234.200003	0.000000	-131.073288
234.300003	0.000000	-131.085581
234.400003	0.000000	-131.097867
234.500003	0.000000	-131.110144
234.600003	0.000000	-131.122414
234.700003	0.000000	-131.134675
234.800003	0.000000	-131.146929
234.900004	0.000000	-131.159175
235.000004	0.000000	-131.171413
235.100004	0.000000	-131.183643
235.200004	0.000000	-131.195865
235.300004	0.000000	-131.208079
235.400004	0.000000	-131.220285
235.500004	0.000000	-131.232484
235.600004	0.000000	-131.244674
235.700004	0.000000	-131.256857
235.800004	0.000000	-131.269032
235.900004	0.000000	-131.281199
236.000004	0.000000	-131.293358
236.100004	0.000000	-131.305510
236.200004	0.000000	-131.317653
236.300004	0.000000	-131.329789
236.400004	0.000000	-131.341917
236.500004	0.000000	-131.354037
236.600004	0.000000	-131.366150
236.700004	0.000000	-131.378254
236.800004	0.000000	-131.390351
236.900004	0.000000	-131.402440
237.000004	0.000000	-131.414521
237.100004	0.000000	-131.426594
237.200004	0.000000	-131.438660
237.300004	0.000000	-131.450718
237.400004	0.000000	-131.462768
237.500004	0.000000	-131.474810
237.600004	0.000000	-131.486845
237.700004	0.000000	-131.498872
237.800004	0.000000	-131.510891
237.900004	0.000000	-131.522902
238.000004	0.000000	-131.534906
238.100004	0.000000	-131.546902
238.200004	0.000000	-131.558890
238.300004	0.000000	-131.570871
238.400004	0.000000	-131.582844
238.500004	0.000000	-131.594809
238.600004	0.000000	-131.606766
238.700004	0.000000	-131.618716
238.800004	0.000000	-131.630658
238.900004	0.000000	-131.642593
239.000004	0.000000	-131.654519
239.100004	0.000000	-131.666438
239.200004	0.000000	-131.678350
239.300004	0.000000	-131.690254
239.400004	0.000000	-131.702150
239.500004	0.000000	-131.714038
239.600004	0.000000	-131.725919
239.700004	0.000000	-131.737792
239.800004	0.000000	-131.749658
239.900004	0.000000	-131.761516
240.000004	0.000000	-131.773366
240.100004	0.000000	-131.785209
240.200004	0.000000	-131.797044
240.300004	0.000000	-131.808871
240.400004	0.000000	-131.820691
240.500004	0.000000	-131.832504
240.600004	0.000000	-131.844308
240.700004	0.000000	-131.856106
240.800004	0.000000	-131.867895
240.900004	0.000000	-131.879677
241.000004	0.000000	-131.891452
241.100004	0.000000	-131.903219
241.200004	0.000000	-131.914978
241.300004	0.000000	-131.926730
241.400004	0.000000	-131.938474
241.500004	0.000000	-131.950211
241.600004	0.000000	-131.961940
241.700004	0.000000	-131.973662
241.800004	0.000000	-131.985376
241.900004	0.000000	-131.997082
242.000004	0.000000	-132.008782
242.100004	0.000000	-132.020473
242.200004	0.000000	-132.032157
242.300004	0.000000	-132.043834
242.400004	0.000000	-132.055503
242.500004	0.000000	-132.067165
242.600004	0.000000	-132.078819
242.700004	0.000000	-132.090466
242.800004	0.000000	-132.102105
242.900004	0.000000	-132.113737
243.000004	0.000000	-132.125361
243.100004	0.000000	-132.136978
243.200004	0.000000	-132.148587
243.300004	0.000000	-132.160189
243.400004	0.000000	-132.171784
243.500004	0.000000	-132.183371
243.600004	0.000000	-132.194951
243.700004	0.000000	-132.206523
243.800004	0.000000	-132.218088
243.900004	0.000000	-132.229645
244.000004	0.000000	-132.241195
244.100004	0.000000	-132.252738
244.200004	0.000000	-132.264273
244.300004	0.000000	-132.275801
244.400004	0.000000	-132.287322
244.500004	0.000000	-132.298835
244.600004	0.000000	-132.310340
244.700004	0.000000	-132.321839
244.800004	0.000000	-132.333330
244.900004	0.000000	-132.344813
245.000004	0.000000	-132.356290
245.100004	0.000000	-132.367759
245.200004	0.000000	-132.379220
245.300004	0.000000	-132.390674
245.400004	0.000000	-132.402121
245.500004	0.000000	-132.413561
245.600004	0.000000	-132.424993
245.700004	0.000000	-132.436418
245.800004	0.000000	-132.447836
245.900004	0.000000	-132.459246
246.000004	0.000000	-132.470649
246.100004	0.000000	-132.482045
246.200004	0.000000	-132.493433
246.300004	0.000000	-132.504814
246.400004	0.000000	-132.516188
246.500004	0.000000	-132.527554
246.600004	0.000000	-132.538914
246.700004	0.000000	-132.550266
246.800004	0.000000	-132.561610
246.900004	0.000000	-132.572948
247.000004	0.000000	-132.584278
247.100004	0.000000	-132.595601
247.200004	0.000000	-132.606917
247.300004	0.000000	-132.618225
247.400004	0.000000	-132.629526
247.500004	0.000000	-132.640820
247.600004	0.000000	-132.652107
247.700004	0.000000	-132.663387
247.800004	0.000000	-132.674659
247.900004	0.000000	-132.685924
248.000004	0.000000	-132.697182
248.100004	0.000000	-132.708433
248.200004	0.000000	-132.719676
248.300004	0.000000	-132.730913
248.400004	0.000000	-132.742142
248.500004	0.000000	-132.753364
248.600004	0.000000	-132.764578
248.700004	0.000000	-132.775786
248.800004	0.000000	-132.786986
248.900004	0.000000	-132.798180
249.000004	0.000000	-132.809366
249.100004	0.000000	-132.820545
249.200004	0.000000	-132.831717
249.300004	0.000000	-132.842881
249.400004	0.000000	-132.854039
249.500004	0.000000	-132.865189
249.600004	0.000000	-132.876332
249.700004	0.000000	-132.887469
249.800004	0.000000	-132.898598
249.900004	0.000000	-132.909719
250.000004	0.000000	-132.920834
250.100004	0.000000	-132.931942
250.200004	0.000000	-132.943043
250.300004	0.000000	-132.954136
250.400004	0.000000	-132.965222
250.500004	0.000000	-132.976302
250.600004	0.000000	-132.987374
250.700004	0.000000	-132.998439
250.800004	0.000000	-133.009497
250.900004	0.000000	-133.020548
251.000004	0.000000	-133.031592
251.100004	0.000000	-133.042629
251.200004	0.000000	-133.053659
251.300004	0.000000	-133.064681
251.400004	0.000000	-133.075697
251.500004	0.000000	-133.086706
251.600004	0.000000	-133.097707
251.700004	0.000000	-133.108702
251.800004	0.000000	-133.119690
251.900004	0.000000	-133.130670
252.000004	0.000000	-133.141644
252.100004	0.000000	-133.152610
252.200004	0.000000	-133.163570
252.300004	0.000000	-133.174522
252.400004	0.000000	-133.185468
252.500004	0.000000	-133.196406
252.600004	0.000000	-133.207338
252.700004	0.000000	-133.218262
252.800004	0.000000	-133.229180
252.900004	0.000000	-133.240090
253.000004	0.000000	-133.250994
253.100004	0.000000	-133.261891
253.200004	0.000000	-133.272780
253.300004	0.000000	-133.283663
253.400004	0.000000	-133.294539
253.500004	0.000000	-133.305407
253.600004	0.000000	-133.316269
253.700004	0.000000	-133.327124
253.800004	0.000000	-133.337972
253.900004	0.000000	-133.348813
254.000004	0.000000	-133.359647
254.100004	0.000000	-133.370474
254.200004	0.000000	-133.381295
254.300004	0.000000	-133.392108
254.400004	0.000000	-133.402915
254.500004	0.000000	-133.413714
254.600004	0.000000	-133.424507
254.700004	0.000000	-133.435292
254.800004	0.000000	-133.446071
254.900004	0.000000	-133.456843
255.000004	0.000000	-133.467608
255.100004	0.000000	-133.478367
255.200004	0.000000	-133.489118
255.300004	0.000000	-133.499862
255.400004	0.000000	-133.510600
255.500004	0.000000	-133.521331
255.600004	0.000000	-133.532054
255.700004	0.000000	-133.542771
255.800004	0.000000	-133.553482
255.900004	0.000000	-133.564185
256.000004	0.000000	-133.574881
256.100004	0.000000	-133.585571
256.200004	0.000000	-133.596254
256.300004	0.000000	-133.606930
256.400004	0.000000	-133.617599
256.500004	0.000000	-133.628261
256.600004	0.000000	-133.638917
256.700004	0.000000	-133.649566
256.800004	0.000000	-133.660208
256.900004	0.000000	-133.670843
257.000004	0.000000	-133.681471
257.100004	0.000000	-133.692092
257.200004	0.000000	-133.702707
257.300004	0.000000	-133.713315
257.400004	0.000000	-133.723916
257.500004	0.000000	-133.734511
257.600004	0.000000	-133.745098
257.700004	0.000000	-133.755679
257.800004	0.000000	-133.766253
257.900004	0.000000	-133.776821
258.000004	0.000000	-133.787381
258.100004	0.000000	-133.797935
258.200004	0.000000	-133.808482
258.300004	0.000000	-133.819023
258.400004	0.000000	-133.829556
258.500004	0.000000	-133.840083
258.600004	0.000000	-133.850603
258.700004	0.000000	-133.861117
258.800004	0.000000	-133.871623
258.900004	0.000000	-133.882123
259.000004	0.000000	-133.892617
259.100004	0.000000	-133.903103
259.200004	0.000000	-133.913583
259.300004	0.000000	-133.924056
259.400004	0.000000	-133.934523
259.500004	0.000000	-133.944983
259.600004	0.000000	-133.955436
259.700004	0.000000	-133.965882
259.800004	0.000000	-133.976322
259.900004	0.000000	-133.986755
260.000004	0.000000	-133.997181
260.100004	0.000000	-134.007601
260.200004	0.000000	-134.018014
260.300004	0.000000	-134.028420
260.400004	0.000000	-134.038820
260.500004	0.000000	-134.049213
260.600004	0.000000	-134.059600
260.700004	0.000000	-134.069980
260.800004	0.000000	-134.080353
260.900004	0.000000	-134.090719
261.000004	0.000000	-134.101079
261.100004	0.000000	-134.111433
261.200004	0.000000	-134.121779
261.300004	0.000000	-134.132119
261.400004	0.000000	-134.142453
261.500004	0.000000	-134.152780
261.600004	0.000000	-134.163100
261.700004	0.000000	-134.173413
261.800004	0.000000	-134.183720
261.900004	0.000000	-134.194021
262.000004	0.000000	-134.204315
262.100004	0.000000	-134.214602
262.200004	0.000000	-134.224883
262.300004	0.000000	-134.235157
262.400004	0.000000	-134.245424
262.500004	0.000000	-134.255685
262.600004	0.000000	-134.265940
262.700004	0.000000	-134.276188
262.800004	0.000000	-134.286429
262.900004	0.000000	-134.296664
263.000004	0.000000	-134.306892
263.100004	0.000000	-134.317114
263.200004	0.000000	-134.327329
263.300004	0.000000	-134.337537
263.400004	0.000000	-134.347739
263.500004	0.000000	-134.357935
263.600004	0.000000	-134.368124
263.700004	0.000000	-134.378306
263.800004	0.000000	-134.388482
263.900004	0.000000	-134.398652
264.000004	0.000000	-134.408815
264.100004	0.000000	-134.418971
264.200004	0.000000	-134.429121
264.300004	0.000000	-134.439264
264.400004	0.000000	-134.449401
264.500004	0.000000	-134.459532
264.600004	0.000000	-134.469656
264.700004	0.000000	-134.479773
264.800004	0.000000	-134.489884
264.900004	0.000000	-134.499989
265.000004	0.000000	-134.510087
265.100004	0.000000	-134.520178
265.200004	0.000000	-134.530263
265.300004	0.000000	-134.540342
265.400004	0.000000	-134.550414
265.500004	0.000000	-134.560480
265.600004	0.000000	-134.570539
265.700004	0.000000	-134.580592
265.800004	0.000000	-134.590639
265.900004	0.000000	-134.600679
266.000004	0.000000	-134.610712
266.100004	0.000000	-134.620739
266.200004	0.000000	-134.630760
266.300004	0.000000	-134.640774
266.400004	0.000000	-134.650782
266.500004	0.000000	-134.660784
266.600004	0.000000	-134.670779
266.700004	0.000000	-134.680768
266.800004	0.000000	-134.690750
266.900004	0.000000	-134.700726
267.000004	0.000000	-134.710695
267.100004	0.000000	-134.720658
267.200004	0.000000	-134.730615
267.300004	0.000000	-134.740565
267.400004	0.000000	-134.750509
267.500004	0.000000	-134.760447
267.600004	0.000000	-134.770378
267.700004	0.000000	-134.780303
267.800004	0.000000	-134.790221
267.900004	0.000000	-134.800133
268.000004	0.000000	-134.810039
268.100004	0.000000	-134.819938
268.200004	0.000000	-134.829832
268.300004	0.000000	-134.839718
268.400004	0.000000	-134.849599
268.500004	0.000000	-134.859473
268.600004	0.000000	-134.869340
268.700004	0.000000	-134.879202
268.800004	0.000000	-134.889057
268.900004	0.000000	-134.898905
269.000004	0.000000	-134.908748
269.100004	0.000000	-134.918584
269.200004	0.000000	-134.928414
269.300004	0.000000	-134.938237
269.400004	0.000000	-134.948054
269.500004	0.000000	-134.957865
269.600004	0.000000	-134.967670
269.700004	0.000000	-134.977468
269.800004	0.000000	-134.987260
269.900004	0.000000	-134.997046
270.000004	0.000000	-135.006825
270.100004	0.000000	-135.016598
270.200004	0.000000	-135.026365
270.300004	0.000000	-135.036126
270.400004	0.000000	-135.045880
270.500004	0.000000	-135.055628
270.600004	0.000000	-135.065370
270.700004	0.000000	-135.075106
270.800004	0.000000	-135.084835
270.900004	0.000000	-135.094558
271.000004	0.000000	-135.104275
271.100004	0.000000	-135.113985
271.200004	0.000000	-135.123690
271.300004	0.000000	-135.133388
271.400004	0.000000	-135.143080
271.500004	0.000000	-135.152765
271.600004	0.000000	-135.162445
271.700004	0.000000	-135.172118
271.800004	0.000000	-135.181785
271.900004	0.000000	-135.191446
272.000004	0.000000	-135.201100
272.100004	0.000000	-135.210749
272.200004	0.000000	-135.220391
272.300004	0.000000	-135.230027
272.400004	0.000000	-135.239656
272.500004	0.000000	-135.249280
272.600004	0.000000	-135.258897
272.700004	0.000000	-135.268508
272.800004	0.000000	-135.278113
272.900004	0.000000	-135.287712
273.000004	0.000000	-135.297305
273.100004	0.000000	-135.306891
273.200004	0.000000	-135.316472
273.300004	0.000000	-135.326046
273.400004	0.000000	-135.335614
273.500004	0.000000	-135.345176
273.600004	0.000000	-135.354731
273.700004	0.000000	-135.364281
273.800004	0.000000	-135.373824
273.900004	0.000000	-135.383362
274.000004	0.000000	-135.392893
274.100004	0.000000	-135.402418
274.200004	0.000000	-135.411937
274.300004	0.000000	-135.421449
274.400004	0.000000	-135.430956
274.500004	0.000000	-135.440456
274.600004	0.000000	-135.449951
274.700004	0.000000	-135.459439
274.800004	0.000000	-135.468921
274.900004	0.000000	-135.478397
275.000004	0.000000	-135.487867
275.100004	0.000000	-135.497331
275.200004	0.000000	-135.506788
275.300004	0.000000	-135.516240
275.400004	0.000000	-135.525686
275.500004	0.000000	-135.535125
275.600004	0.000000	-135.544558
275.700004	0.000000	-135.553986
275.800004	0.000000	-135.563407
275.900004	0.000000	-135.572822
276.000004	0.000000	-135.582231
276.100004	0.000000	-135.591634
276.200004	0.000000	-135.601031
276.300004	0.000000	-135.610422
276.400004	0.000000	-135.619807
276.500004	0.000000	-135.629185
276.600004	0.000000	-135.638558
276.700004	0.000000	-135.647925
276.800004	0.000000	-135.657285
276.900004	0.000000	-135.666640
277.000004	0.000000	-135.675988
277.100004	0.000000	-135.685331
277.200004	0.000000	-135.694667
277.300004	0.000000	-135.703998
277.400004	0.000000	-135.713322
277.500004	0.000000	-135.722641
277.600004	0.000000	-135.731953
277.700004	0.000000	-135.741259
277.800004	0.000000	-135.750560
277.900004	0.000000	-135.759854
278.000004	0.000000	-135.769142
278.100004	0.000000	-135.778425
278.200004	0.000000	-135.787701
278.300004	0.000000	-135.796971
278.400004	0.000000	-135.806236
278.500004	0.000000	-135.815494
278.600004	0.000000	-135.824746
278.700004	0.000000	-135.833993
278.800004	0.000000	-135.843233
278.900004	0.000000	-135.852468
279.000004	0.000000	-135.861696
279.100004	0.000000	-135.870919
279.200004	0.000000	-135.880135
279.300004	0.000000	-135.889346
279.400004	0.000000	-135.898551
279.500004	0.000000	-135.907749
279.600004	0.000000	-135.916942
279.700004	0.000000	-135.926129
279.800004	0.000000	-135.935310
279.900004	0.000000	-135.944485
280.000004	0.000000	-135.953654
280.100004	0.000000	-135.962817
280.200004	0.000000	-135.971974
280.300004	0.000000	-135.981125
280.400004	0.000000	-135.990270
280.500004	0.000000	-135.999409
280.600004	0.000000	-136.008543
280.700004	0.000000	-136.017670
280.800004	0.000000	-136.026792
280.900004	0.000000	-136.035907
281.000004	0.000000	-136.045017
281.100004	0.000000	-136.054121
281.200004	0.000000	-136.063219
281.300004	0.000000	-136.072311
281.400004	0.000000	-136.081397
281.500004	0.000000	-136.090478
281.600004	0.000000	-136.099552
281.700004	0.000000	-136.108620
281.800004	0.000000	-136.117683
281.900004	0.000000	-136.126740
282.000004	0.000000	-136.135791
282.100004	0.000000	-136.144836
282.200004	0.000000	-136.153875
282.300004	0.000000	-136.162908
282.400004	0.000000	-136.171935
282.500004	0.000000	-136.180957
282.600004	0.000000	-136.189973
282.700004	0.000000	-136.198983
282.800004	0.000000	-136.207987
282.900004	0.000000	-136.216985
283.000004	0.000000	-136.225977
283.100004	0.000000	-136.234963
283.200004	0.000000	-136.243944
283.300004	0.000000	-136.252919
283.400004	0.000000	-136.261888
283.500004	0.000000	-136.270851
283.600004	0.000000	-136.279808
283.700004	0.000000	-136.288760
283.800004	0.000000	-136.297705
283.900004	0.000000	-136.306645
284.000004	0.000000	-136.315579
284.100004	0.000000	-136.324508
284.200004	0.000000	-136.333430
284.300004	0.000000	-136.342347
284.400004	0.000000	-136.351257
284.500004	0.000000	-136.360162
284.600004	0.000000	-136.369062
284.700004	0.000000	-136.377955
284.800004	0.000000	-136.386843
284.900004	0.000000	-136.395725
285.000004	0.000000	-136.404601
285.100004	0.000000	-136.413471
285.200004	0.000000	-136.422336
285.300004	0.000000	-136.431194
285.400004	0.000000	-136.440047
285.500004	0.000000	-136.448895
285.600004	0.000000	-136.457736
285.700004	0.000000	-136.466572
285.800004	0.000000	-136.475402
285.900004	0.000000	-136.484226
286.000004	0.000000	-136.493044
286.100004	0.000000	-136.501857
286.200004	0.000000	-136.510664
286.300004	0.000000	-136.519465
286.400004	0.000000	-136.528261
286.500004	0.000000	-136.537050
286.600004	0.000000	-136.545834
286.700004	0.000000	-136.554613
286.800004	0.000000	-136.563385
286.900004	0.000000	-136.572152
287.000004	0.000000	-136.580913
287.100004	0.000000	-136.589668
287.200004	0.000000	-136.598418
287.300004	0.000000	-136.607162
287.400004	0.000000	-136.615900
287.500004	0.000000	-136.624633
287.600004	0.000000	-136.633360
287.700004	0.000000	-136.642081
287.800004	0.000000	-136.650796
287.900004	0.000000	-136.659506
288.000004	0.000000	-136.668210
288.100004	0.000000	-136.676908
288.200004	0.000000	-136.685601
288.300004	0.000000	-136.694288
288.400004	0.000000	-136.702969
288.500004	0.000000	-136.711645
288.600004	0.000000	-136.720315
288.700004	0.000000	-136.728979
288.800004	0.000000	-136.737638
288.900004	0.000000	-136.746291
289.000004	0.000000	-136.754938
289.100004	0.000000	-136.763579
289.200004	0.000000	-136.772215
289.300004	0.000000	-136.780846
289.400004	0.000000	-136.789470
289.500004	0.000000	-136.798089
289.600004	0.000000	-136.806703
289.700004	0.000000	-136.815310
289.800004	0.000000	-136.823913
289.900004	0.000000	-136.832509
290.000004	0.000000	-136.841100
290.100004	0.000000	-136.849685
290.200004	0.000000	-136.858265
290.300004	0.000000	-136.866838
290.400004	0.000000	-136.875407
290.500004	0.000000	-136.883969
290.600004	0.000000	-136.892527
290.700004	0.000000	-136.901078
290.800004	0.000000	-136.909624
290.900004	0.000000	-136.918164
291.000004	0.000000	-136.926699
291.100004	0.000000	-136.935228
291.200004	0.000000	-136.943751
291.300004	0.000000	-136.952269
291.400004	0.000000	-136.960781
291.500004	0.000000	-136.969288
291.600004	0.000000	-136.977789
291.700004	0.000000	-136.986284
291.800004	0.000000	-136.994774
291.900004	0.000000	-137.003259
292.000004	0.000000	-137.011737
292.100004	0.000000	-137.020210
292.200004	0.000000	-137.028678
292.300004	0.000000	-137.037140
292.400004	0.000000	-137.045596
292.500004	0.000000	-137.054047
292.600004	0.000000	-137.062493
292.700004	0.000000	-137.070932
292.800004	0.000000	-137.079367
292.900004	0.000000	-137.087795
293.000004	0.000000	-137.096218
293.100004	0.000000	-137.104636
293.200004	0.000000	-137.113048
293.300004	0.000000	-137.121454
293.400004	0.000000	-137.129855
293.500004	0.000000	-137.138251
293.600004	0.000000	-137.146641
293.700004	0.000000	-137.155025
293.800004	0.000000	-137.163404
293.900004	0.000000	-137.171777
294.000004	0.000000	-137.180145
294.100004	0.000000	-137.188507
294.200004	0.000000	-137.196864
294.300004	0.000000	-137.205215
294.400004	0.000000	-137.213561
294.500004	0.000000	-137.221901
294.600004	0.000000	-137.230236
294.700004	0.000000	-137.238565
294.800004	0.000000	-137.246889
294.900004	0.000000	-137.255207
295.000004	0.000000	-137.263519
295.100004	0.000000	-137.271827
295.200004	0.000000	-137.280128
295.300004	0.000000	-137.288425
295.400004	0.000000	-137.296715
295.500004	0.000000	-137.305001
295.600004	0.000000	-137.313280
295.700004	0.000000	-137.321555
295.800004	0.000000	-137.329824
295.900004	0.000000	-137.338087
296.000004	0.000000	-137.346345
296.100004	0.000000	-137.354597
296.200004	0.000000	-137.362844
296.300004	0.000000	-137.371086
296.400004	0.000000	-137.379322
296.500004	0.000000	-137.387552
296.600004	0.000000	-137.395777
296.700004	0.000000	-137.403997
296.800004	0.000000	-137.412211
296.900004	0.000000	-137.420420
297.000004	0.000000	-137.428624
297.100004	0.000000	-137.436822
297.200004	0.000000	-137.445014
297.300004	0.000000	-137.453201
297.400004	0.000000	-137.461383
297.500004	0.000000	-137.469559
297.600004	0.000000	-137.477730
297.700004	0.000000	-137.485895
297.800004	0.000000	-137.494055
297.900004	0.000000	-137.502209
298.000004	0.000000	-137.510359
298.100004	0.000000	-137.518502
298.200004	0.000000	-137.526640
298.300004	0.000000	-137.534773
298.400004	0.000000	-137.542901
298.500004	0.000000	-137.551023
298.600004	0.000000	-137.559140
298.700004	0.000000	-137.567251
298.800004	0.000000	-137.575357
298.900004	0.000000	-137.583457
299.000004	0.000000	-137.591552
299.100004	0.000000	-137.599642
299.200004	0.000000	-137.607726
299.300004	0.000000	-137.615805
299.400004	0.000000	-137.623879
299.500004	0.000000	-137.631947
299.600004	0.000000	-137.640010
299.700004	0.000000	-137.648067
299.800004	0.000000	-137.656119
299.900004	0.000000	-137.664166
